heart_rate,timestamp,date
59,02:00,2024-12-22
59,02:02,2024-12-22
60,02:04,2024-12-22
61,02:06,2024-12-22
59,02:08,2024-12-22
58,02:10,2024-12-22
57,02:12,2024-12-22
59,02:14,2024-12-22
59,02:16,2024-12-22
59,02:18,2024-12-22
59,02:20,2024-12-22
59,02:22,2024-12-22
59,02:24,2024-12-22
60,02:26,2024-12-22
60,02:28,2024-12-22
59,02:30,2024-12-22
59,02:32,2024-12-22
60,02:34,2024-12-22
60,02:36,2024-12-22
60,02:38,2024-12-22
58,02:40,2024-12-22
58,02:42,2024-12-22
59,02:44,2024-12-22
59,02:46,2024-12-22
59,02:48,2024-12-22
59,02:50,2024-12-22
59,02:52,2024-12-22
59,02:54,2024-12-22
60,02:56,2024-12-22
74,02:58,2024-12-22
61,03:00,2024-12-22
55,03:02,2024-12-22
55,03:04,2024-12-22
55,03:06,2024-12-22
55,03:08,2024-12-22
54,03:10,2024-12-22
54,03:12,2024-12-22
53,03:14,2024-12-22
56,03:16,2024-12-22
56,03:18,2024-12-22
57,03:20,2024-12-22
55,03:22,2024-12-22
57,03:24,2024-12-22
58,03:26,2024-12-22
53,03:28,2024-12-22
54,03:30,2024-12-22
50,03:32,2024-12-22
52,03:34,2024-12-22
51,03:36,2024-12-22
50,03:38,2024-12-22
49,03:40,2024-12-22
50,03:42,2024-12-22
49,03:44,2024-12-22
51,03:46,2024-12-22
51,03:48,2024-12-22
50,03:50,2024-12-22
50,03:52,2024-12-22
55,03:54,2024-12-22
50,03:56,2024-12-22
48,03:58,2024-12-22
49,04:00,2024-12-22
51,04:02,2024-12-22
50,04:04,2024-12-22
51,04:06,2024-12-22
51,04:08,2024-12-22
51,04:10,2024-12-22
51,04:12,2024-12-22
50,04:14,2024-12-22
49,04:16,2024-12-22
50,04:18,2024-12-22
49,04:20,2024-12-22
50,04:22,2024-12-22
50,04:24,2024-12-22
49,04:26,2024-12-22
49,04:28,2024-12-22
50,04:30,2024-12-22
53,04:32,2024-12-22
50,04:34,2024-12-22
52,04:36,2024-12-22
50,04:38,2024-12-22
52,04:40,2024-12-22
49,04:42,2024-12-22
50,04:44,2024-12-22
48,04:46,2024-12-22
48,04:48,2024-12-22
49,04:50,2024-12-22
47,04:52,2024-12-22
47,04:54,2024-12-22
49,04:56,2024-12-22
50,04:58,2024-12-22
49,05:00,2024-12-22
50,05:02,2024-12-22
50,05:04,2024-12-22
49,05:06,2024-12-22
49,05:08,2024-12-22
49,05:10,2024-12-22
50,05:12,2024-12-22
49,05:14,2024-12-22
50,05:16,2024-12-22
48,05:18,2024-12-22
56,05:20,2024-12-22
46,05:22,2024-12-22
46,05:24,2024-12-22
46,05:26,2024-12-22
46,05:28,2024-12-22
47,05:30,2024-12-22
47,05:32,2024-12-22
46,05:34,2024-12-22
47,05:36,2024-12-22
53,05:38,2024-12-22
51,05:40,2024-12-22
48,05:42,2024-12-22
46,05:44,2024-12-22
47,05:46,2024-12-22
47,05:48,2024-12-22
45,05:50,2024-12-22
46,05:52,2024-12-22
46,05:54,2024-12-22
45,05:56,2024-12-22
46,05:58,2024-12-22
46,06:00,2024-12-22
46,06:02,2024-12-22
47,06:04,2024-12-22
48,06:06,2024-12-22
50,06:08,2024-12-22
47,06:10,2024-12-22
48,06:12,2024-12-22
54,06:14,2024-12-22
48,06:16,2024-12-22
46,06:18,2024-12-22
49,06:20,2024-12-22
46,06:22,2024-12-22
49,06:24,2024-12-22
48,06:26,2024-12-22
48,06:28,2024-12-22
47,06:30,2024-12-22
48,06:32,2024-12-22
49,06:34,2024-12-22
48,06:36,2024-12-22
49,06:38,2024-12-22
49,06:40,2024-12-22
50,06:42,2024-12-22
50,06:44,2024-12-22
51,06:46,2024-12-22
51,06:48,2024-12-22
50,06:50,2024-12-22
49,06:52,2024-12-22
51,06:54,2024-12-22
51,06:56,2024-12-22
51,06:58,2024-12-22
51,07:00,2024-12-22
51,07:02,2024-12-22
51,07:04,2024-12-22
49,07:06,2024-12-22
49,07:08,2024-12-22
49,07:10,2024-12-22
49,07:12,2024-12-22
49,07:14,2024-12-22
49,07:16,2024-12-22
51,07:18,2024-12-22
50,07:20,2024-12-22
51,07:22,2024-12-22
51,07:24,2024-12-22
51,07:26,2024-12-22
50,07:28,2024-12-22
50,07:30,2024-12-22
48,07:32,2024-12-22
46,07:34,2024-12-22
45,07:36,2024-12-22
47,07:38,2024-12-22
48,07:40,2024-12-22
45,07:42,2024-12-22
48,07:44,2024-12-22
45,07:46,2024-12-22
48,07:48,2024-12-22
55,00:56,2024-12-23
53,00:58,2024-12-23
52,01:00,2024-12-23
54,01:02,2024-12-23
52,01:04,2024-12-23
51,01:06,2024-12-23
53,01:08,2024-12-23
52,01:10,2024-12-23
53,01:12,2024-12-23
54,01:14,2024-12-23
53,01:16,2024-12-23
54,01:18,2024-12-23
54,01:20,2024-12-23
54,01:22,2024-12-23
54,01:24,2024-12-23
54,01:26,2024-12-23
54,01:28,2024-12-23
54,01:30,2024-12-23
54,01:32,2024-12-23
54,01:34,2024-12-23
55,01:36,2024-12-23
55,01:38,2024-12-23
55,01:40,2024-12-23
56,01:42,2024-12-23
53,01:44,2024-12-23
52,01:46,2024-12-23
50,01:48,2024-12-23
50,01:50,2024-12-23
50,01:52,2024-12-23
51,01:54,2024-12-23
50,01:56,2024-12-23
51,01:58,2024-12-23
53,02:00,2024-12-23
51,02:02,2024-12-23
53,02:04,2024-12-23
55,02:06,2024-12-23
51,02:08,2024-12-23
51,02:10,2024-12-23
51,02:12,2024-12-23
52,02:14,2024-12-23
51,02:16,2024-12-23
56,02:18,2024-12-23
51,02:20,2024-12-23
53,02:22,2024-12-23
52,02:24,2024-12-23
52,02:26,2024-12-23
54,02:28,2024-12-23
53,02:30,2024-12-23
53,02:32,2024-12-23
53,02:34,2024-12-23
53,02:36,2024-12-23
52,02:38,2024-12-23
53,02:40,2024-12-23
52,02:42,2024-12-23
53,02:44,2024-12-23
53,02:46,2024-12-23
52,02:48,2024-12-23
52,02:50,2024-12-23
52,02:52,2024-12-23
52,02:54,2024-12-23
52,02:56,2024-12-23
53,02:58,2024-12-23
60,03:00,2024-12-23
47,03:02,2024-12-23
48,03:04,2024-12-23
47,03:06,2024-12-23
47,03:08,2024-12-23
50,03:10,2024-12-23
48,03:12,2024-12-23
48,03:14,2024-12-23
53,03:16,2024-12-23
53,03:18,2024-12-23
51,03:20,2024-12-23
50,03:22,2024-12-23
52,03:24,2024-12-23
53,03:26,2024-12-23
50,03:28,2024-12-23
49,03:30,2024-12-23
49,03:32,2024-12-23
47,03:34,2024-12-23
49,03:36,2024-12-23
47,03:38,2024-12-23
46,03:40,2024-12-23
47,03:42,2024-12-23
46,03:44,2024-12-23
47,03:46,2024-12-23
47,03:48,2024-12-23
47,03:50,2024-12-23
47,03:52,2024-12-23
47,03:54,2024-12-23
47,03:56,2024-12-23
48,03:58,2024-12-23
48,04:00,2024-12-23
48,04:02,2024-12-23
53,04:04,2024-12-23
47,04:06,2024-12-23
48,04:08,2024-12-23
48,04:10,2024-12-23
48,04:12,2024-12-23
48,04:14,2024-12-23
48,04:16,2024-12-23
48,04:18,2024-12-23
48,04:20,2024-12-23
48,04:22,2024-12-23
47,04:24,2024-12-23
47,04:26,2024-12-23
47,04:28,2024-12-23
47,04:30,2024-12-23
45,04:32,2024-12-23
46,04:34,2024-12-23
47,04:36,2024-12-23
50,04:38,2024-12-23
52,04:40,2024-12-23
47,04:42,2024-12-23
51,04:44,2024-12-23
50,04:46,2024-12-23
50,04:48,2024-12-23
49,04:50,2024-12-23
48,04:52,2024-12-23
47,04:54,2024-12-23
47,04:56,2024-12-23
61,04:58,2024-12-23
49,05:00,2024-12-23
48,05:02,2024-12-23
49,05:04,2024-12-23
50,05:06,2024-12-23
50,05:08,2024-12-23
48,05:10,2024-12-23
48,05:12,2024-12-23
48,05:14,2024-12-23
47,05:16,2024-12-23
49,05:18,2024-12-23
48,05:20,2024-12-23
49,05:22,2024-12-23
49,05:24,2024-12-23
50,05:26,2024-12-23
51,05:28,2024-12-23
51,05:30,2024-12-23
50,05:32,2024-12-23
51,05:34,2024-12-23
50,05:36,2024-12-23
50,05:38,2024-12-23
51,05:40,2024-12-23
50,05:42,2024-12-23
49,05:44,2024-12-23
48,05:46,2024-12-23
48,05:48,2024-12-23
49,05:50,2024-12-23
49,05:52,2024-12-23
50,05:54,2024-12-23
50,05:56,2024-12-23
50,05:58,2024-12-23
50,06:00,2024-12-23
49,06:02,2024-12-23
50,06:04,2024-12-23
53,06:06,2024-12-23
45,06:08,2024-12-23
45,06:10,2024-12-23
46,06:12,2024-12-23
44,06:14,2024-12-23
46,06:16,2024-12-23
47,06:18,2024-12-23
45,06:20,2024-12-23
45,06:22,2024-12-23
45,06:24,2024-12-23
47,06:26,2024-12-23
51,06:28,2024-12-23
47,06:30,2024-12-23
47,06:32,2024-12-23
47,06:34,2024-12-23
49,06:36,2024-12-23
49,06:38,2024-12-23
53,06:40,2024-12-23
47,06:42,2024-12-23
49,06:44,2024-12-23
48,06:46,2024-12-23
48,06:48,2024-12-23
48,06:50,2024-12-23
48,06:52,2024-12-23
49,06:54,2024-12-23
49,06:56,2024-12-23
52,06:58,2024-12-23
48,07:00,2024-12-23
49,07:02,2024-12-23
50,07:04,2024-12-23
56,07:06,2024-12-23
46,07:08,2024-12-23
46,07:10,2024-12-23
46,07:12,2024-12-23
47,07:14,2024-12-23
48,07:16,2024-12-23
48,07:18,2024-12-23
49,07:20,2024-12-23
49,07:22,2024-12-23
48,07:24,2024-12-23
50,07:26,2024-12-23
50,07:28,2024-12-23
50,07:30,2024-12-23
51,07:32,2024-12-23
51,07:34,2024-12-23
51,07:36,2024-12-23
48,07:38,2024-12-23
48,07:40,2024-12-23
44,07:42,2024-12-23
47,07:44,2024-12-23
45,07:46,2024-12-23
50,07:48,2024-12-23
47,07:50,2024-12-23
47,07:52,2024-12-23
50,07:54,2024-12-23
46,07:56,2024-12-23
49,07:58,2024-12-23
52,00:44,2024-12-24
51,00:46,2024-12-24
51,00:48,2024-12-24
52,00:50,2024-12-24
52,00:52,2024-12-24
50,00:54,2024-12-24
50,00:56,2024-12-24
51,00:58,2024-12-24
51,01:00,2024-12-24
52,01:02,2024-12-24
51,01:04,2024-12-24
51,01:06,2024-12-24
51,01:08,2024-12-24
52,01:10,2024-12-24
52,01:12,2024-12-24
52,01:14,2024-12-24
52,01:16,2024-12-24
52,01:18,2024-12-24
56,01:20,2024-12-24
50,01:22,2024-12-24
50,01:24,2024-12-24
49,01:26,2024-12-24
50,01:28,2024-12-24
50,01:30,2024-12-24
49,01:32,2024-12-24
50,01:34,2024-12-24
50,01:36,2024-12-24
50,01:38,2024-12-24
50,01:40,2024-12-24
50,01:42,2024-12-24
51,01:44,2024-12-24
51,01:46,2024-12-24
50,01:48,2024-12-24
50,01:50,2024-12-24
53,01:52,2024-12-24
51,01:54,2024-12-24
53,01:56,2024-12-24
50,01:58,2024-12-24
50,02:00,2024-12-24
51,02:02,2024-12-24
51,02:04,2024-12-24
50,02:06,2024-12-24
50,02:08,2024-12-24
52,02:10,2024-12-24
52,02:12,2024-12-24
47,02:14,2024-12-24
50,02:16,2024-12-24
48,02:18,2024-12-24
48,02:20,2024-12-24
49,02:22,2024-12-24
48,02:24,2024-12-24
49,02:26,2024-12-24
49,02:28,2024-12-24
49,02:30,2024-12-24
49,02:32,2024-12-24
48,02:34,2024-12-24
48,02:36,2024-12-24
47,02:38,2024-12-24
48,02:40,2024-12-24
49,02:42,2024-12-24
49,02:44,2024-12-24
46,02:46,2024-12-24
45,02:48,2024-12-24
43,02:50,2024-12-24
43,02:52,2024-12-24
42,02:54,2024-12-24
41,02:56,2024-12-24
42,02:58,2024-12-24
45,03:00,2024-12-24
44,03:02,2024-12-24
44,03:04,2024-12-24
44,03:06,2024-12-24
45,03:08,2024-12-24
43,03:10,2024-12-24
43,03:12,2024-12-24
46,03:14,2024-12-24
46,03:16,2024-12-24
47,03:18,2024-12-24
47,03:20,2024-12-24
49,03:22,2024-12-24
46,03:24,2024-12-24
46,03:26,2024-12-24
47,03:28,2024-12-24
46,03:30,2024-12-24
46,03:32,2024-12-24
45,03:34,2024-12-24
45,03:36,2024-12-24
46,03:38,2024-12-24
45,03:40,2024-12-24
45,03:42,2024-12-24
46,03:44,2024-12-24
46,03:46,2024-12-24
45,03:48,2024-12-24
46,03:50,2024-12-24
46,03:52,2024-12-24
46,03:54,2024-12-24
44,03:56,2024-12-24
45,03:58,2024-12-24
44,04:00,2024-12-24
44,04:02,2024-12-24
45,04:04,2024-12-24
46,04:06,2024-12-24
45,04:08,2024-12-24
46,04:10,2024-12-24
46,04:12,2024-12-24
46,04:14,2024-12-24
51,04:16,2024-12-24
53,04:18,2024-12-24
44,04:20,2024-12-24
45,04:22,2024-12-24
48,04:24,2024-12-24
43,04:26,2024-12-24
44,04:28,2024-12-24
45,04:30,2024-12-24
45,04:32,2024-12-24
46,04:34,2024-12-24
47,04:36,2024-12-24
47,04:38,2024-12-24
49,04:40,2024-12-24
49,04:42,2024-12-24
49,04:44,2024-12-24
50,04:46,2024-12-24
47,04:48,2024-12-24
48,04:50,2024-12-24
47,04:52,2024-12-24
48,04:54,2024-12-24
53,04:56,2024-12-24
50,04:58,2024-12-24
46,05:00,2024-12-24
45,05:02,2024-12-24
45,05:04,2024-12-24
49,05:06,2024-12-24
46,05:08,2024-12-24
54,05:10,2024-12-24
46,05:12,2024-12-24
44,05:14,2024-12-24
43,05:16,2024-12-24
44,05:18,2024-12-24
46,05:20,2024-12-24
45,05:22,2024-12-24
45,05:24,2024-12-24
45,05:26,2024-12-24
45,05:28,2024-12-24
43,05:30,2024-12-24
43,05:32,2024-12-24
45,05:34,2024-12-24
44,05:36,2024-12-24
45,05:38,2024-12-24
45,05:40,2024-12-24
46,05:42,2024-12-24
46,05:44,2024-12-24
46,05:46,2024-12-24
46,05:48,2024-12-24
46,05:50,2024-12-24
46,05:52,2024-12-24
46,05:54,2024-12-24
47,05:56,2024-12-24
47,05:58,2024-12-24
47,06:00,2024-12-24
47,06:02,2024-12-24
47,06:04,2024-12-24
45,06:06,2024-12-24
46,06:08,2024-12-24
45,06:10,2024-12-24
45,06:12,2024-12-24
44,06:14,2024-12-24
45,06:16,2024-12-24
45,06:18,2024-12-24
46,06:20,2024-12-24
46,06:22,2024-12-24
47,06:24,2024-12-24
51,06:26,2024-12-24
43,06:28,2024-12-24
42,06:30,2024-12-24
44,06:32,2024-12-24
43,06:34,2024-12-24
46,06:36,2024-12-24
45,06:38,2024-12-24
51,06:40,2024-12-24
45,06:42,2024-12-24
51,06:44,2024-12-24
47,06:46,2024-12-24
46,06:48,2024-12-24
46,06:50,2024-12-24
47,06:52,2024-12-24
46,06:54,2024-12-24
48,06:56,2024-12-24
45,06:58,2024-12-24
44,07:00,2024-12-24
47,07:02,2024-12-24
45,07:04,2024-12-24
45,07:06,2024-12-24
44,07:08,2024-12-24
47,07:10,2024-12-24
44,07:12,2024-12-24
46,07:14,2024-12-24
46,07:16,2024-12-24
45,07:18,2024-12-24
47,07:20,2024-12-24
44,07:22,2024-12-24
45,07:24,2024-12-24
46,07:26,2024-12-24
49,07:28,2024-12-24
48,07:30,2024-12-24
47,07:32,2024-12-24
45,07:34,2024-12-24
46,07:36,2024-12-24
46,07:38,2024-12-24
46,07:40,2024-12-24
46,07:42,2024-12-24
45,07:44,2024-12-24
48,07:46,2024-12-24
46,07:48,2024-12-24
45,07:50,2024-12-24
45,07:52,2024-12-24
44,07:54,2024-12-24
46,07:56,2024-12-24
47,07:58,2024-12-24
47,08:00,2024-12-24
46,08:02,2024-12-24
52,04:38,2024-12-25
53,04:40,2024-12-25
53,04:42,2024-12-25
52,04:44,2024-12-25
53,04:46,2024-12-25
53,04:48,2024-12-25
53,04:50,2024-12-25
53,04:52,2024-12-25
53,04:54,2024-12-25
53,04:56,2024-12-25
53,04:58,2024-12-25
52,05:00,2024-12-25
52,05:02,2024-12-25
52,05:04,2024-12-25
52,05:06,2024-12-25
52,05:08,2024-12-25
52,05:10,2024-12-25
55,05:12,2024-12-25
50,05:14,2024-12-25
50,05:16,2024-12-25
50,05:18,2024-12-25
50,05:20,2024-12-25
50,05:22,2024-12-25
50,05:24,2024-12-25
51,05:26,2024-12-25
51,05:28,2024-12-25
50,05:30,2024-12-25
51,05:32,2024-12-25
51,05:34,2024-12-25
52,05:36,2024-12-25
52,05:38,2024-12-25
52,05:40,2024-12-25
53,05:42,2024-12-25
54,05:44,2024-12-25
53,05:46,2024-12-25
53,05:48,2024-12-25
53,05:50,2024-12-25
53,05:52,2024-12-25
59,05:54,2024-12-25
52,05:56,2024-12-25
50,05:58,2024-12-25
52,06:00,2024-12-25
52,06:02,2024-12-25
53,06:04,2024-12-25
54,06:06,2024-12-25
52,06:08,2024-12-25
54,06:10,2024-12-25
52,06:12,2024-12-25
52,06:14,2024-12-25
53,06:16,2024-12-25
53,06:18,2024-12-25
53,06:20,2024-12-25
53,06:22,2024-12-25
54,06:24,2024-12-25
54,06:26,2024-12-25
57,06:28,2024-12-25
51,06:30,2024-12-25
50,06:32,2024-12-25
49,06:34,2024-12-25
51,06:36,2024-12-25
50,06:38,2024-12-25
52,06:40,2024-12-25
52,06:42,2024-12-25
52,06:44,2024-12-25
52,06:46,2024-12-25
53,06:48,2024-12-25
56,06:50,2024-12-25
51,06:52,2024-12-25
51,06:54,2024-12-25
51,06:56,2024-12-25
51,06:58,2024-12-25
52,07:00,2024-12-25
53,07:02,2024-12-25
49,07:04,2024-12-25
52,07:06,2024-12-25
52,07:08,2024-12-25
50,07:10,2024-12-25
50,07:12,2024-12-25
51,07:14,2024-12-25
55,07:16,2024-12-25
50,07:18,2024-12-25
52,07:20,2024-12-25
53,07:22,2024-12-25
52,07:24,2024-12-25
52,07:26,2024-12-25
53,07:28,2024-12-25
51,07:30,2024-12-25
58,07:32,2024-12-25
48,07:34,2024-12-25
50,07:36,2024-12-25
50,07:38,2024-12-25
51,07:40,2024-12-25
49,07:42,2024-12-25
50,07:44,2024-12-25
49,07:46,2024-12-25
49,07:48,2024-12-25
51,07:50,2024-12-25
49,07:52,2024-12-25
51,07:54,2024-12-25
51,07:56,2024-12-25
52,07:58,2024-12-25
52,08:00,2024-12-25
51,08:02,2024-12-25
52,08:04,2024-12-25
51,08:06,2024-12-25
47,22:12,2024-12-26
46,22:14,2024-12-26
47,22:16,2024-12-26
47,22:18,2024-12-26
48,22:20,2024-12-26
45,22:22,2024-12-26
46,22:24,2024-12-26
46,22:26,2024-12-26
45,22:28,2024-12-26
45,22:30,2024-12-26
45,22:32,2024-12-26
45,22:34,2024-12-26
44,22:36,2024-12-26
45,22:38,2024-12-26
45,22:40,2024-12-26
45,22:42,2024-12-26
44,22:44,2024-12-26
44,22:46,2024-12-26
48,22:48,2024-12-26
49,22:50,2024-12-26
47,22:52,2024-12-26
61,22:54,2024-12-26
71,22:56,2024-12-26
62,22:58,2024-12-26
44,23:00,2024-12-26
44,23:02,2024-12-26
46,23:04,2024-12-26
46,23:06,2024-12-26
45,23:08,2024-12-26
43,23:10,2024-12-26
44,23:12,2024-12-26
44,23:14,2024-12-26
44,23:16,2024-12-26
47,23:18,2024-12-26
43,23:20,2024-12-26
43,23:22,2024-12-26
44,23:24,2024-12-26
44,23:26,2024-12-26
43,23:28,2024-12-26
43,23:30,2024-12-26
44,23:32,2024-12-26
44,23:34,2024-12-26
46,23:36,2024-12-26
45,23:38,2024-12-26
44,23:40,2024-12-26
44,23:42,2024-12-26
45,23:44,2024-12-26
45,23:46,2024-12-26
46,23:48,2024-12-26
45,23:50,2024-12-26
44,23:52,2024-12-26
44,23:54,2024-12-26
45,23:56,2024-12-26
45,23:58,2024-12-26
48,00:00,2024-12-26
48,00:02,2024-12-26
46,00:04,2024-12-26
46,00:06,2024-12-26
46,00:08,2024-12-26
46,00:10,2024-12-26
46,00:12,2024-12-26
46,00:14,2024-12-26
46,00:16,2024-12-26
47,00:18,2024-12-26
47,00:20,2024-12-26
47,00:22,2024-12-26
47,00:24,2024-12-26
46,00:26,2024-12-26
46,00:28,2024-12-26
48,00:30,2024-12-26
46,00:32,2024-12-26
45,00:34,2024-12-26
46,00:36,2024-12-26
46,00:38,2024-12-26
46,00:40,2024-12-26
48,00:42,2024-12-26
47,00:44,2024-12-26
50,00:46,2024-12-26
49,00:48,2024-12-26
50,00:50,2024-12-26
49,00:52,2024-12-26
47,00:54,2024-12-26
45,00:56,2024-12-26
47,00:58,2024-12-26
47,01:00,2024-12-26
46,01:02,2024-12-26
47,01:04,2024-12-26
47,01:06,2024-12-26
47,01:08,2024-12-26
46,01:10,2024-12-26
47,01:12,2024-12-26
48,01:14,2024-12-26
47,01:16,2024-12-26
46,01:18,2024-12-26
48,01:20,2024-12-26
46,01:22,2024-12-26
47,01:24,2024-12-26
47,01:26,2024-12-26
47,01:28,2024-12-26
48,01:30,2024-12-26
47,01:32,2024-12-26
47,01:34,2024-12-26
51,01:36,2024-12-26
47,01:38,2024-12-26
42,01:40,2024-12-26
44,01:42,2024-12-26
42,01:44,2024-12-26
43,01:46,2024-12-26
43,01:48,2024-12-26
44,01:50,2024-12-26
46,01:52,2024-12-26
43,01:54,2024-12-26
43,01:56,2024-12-26
44,01:58,2024-12-26
48,02:00,2024-12-26
45,02:02,2024-12-26
45,02:04,2024-12-26
47,02:06,2024-12-26
46,02:08,2024-12-26
53,02:10,2024-12-26
47,02:12,2024-12-26
47,02:14,2024-12-26
47,02:16,2024-12-26
45,02:18,2024-12-26
49,02:20,2024-12-26
46,02:22,2024-12-26
47,02:24,2024-12-26
47,02:26,2024-12-26
48,02:28,2024-12-26
46,02:30,2024-12-26
46,02:32,2024-12-26
46,02:34,2024-12-26
48,02:36,2024-12-26
46,02:38,2024-12-26
45,02:40,2024-12-26
48,02:42,2024-12-26
50,02:44,2024-12-26
53,02:46,2024-12-26
50,02:48,2024-12-26
49,02:50,2024-12-26
45,02:52,2024-12-26
46,02:54,2024-12-26
45,02:56,2024-12-26
45,02:58,2024-12-26
44,03:00,2024-12-26
44,03:02,2024-12-26
46,03:04,2024-12-26
43,03:06,2024-12-26
43,03:08,2024-12-26
42,03:10,2024-12-26
43,03:12,2024-12-26
43,03:14,2024-12-26
44,03:16,2024-12-26
43,03:18,2024-12-26
44,03:20,2024-12-26
42,03:22,2024-12-26
44,03:24,2024-12-26
43,03:26,2024-12-26
43,03:28,2024-12-26
44,03:30,2024-12-26
44,03:32,2024-12-26
45,03:34,2024-12-26
45,03:36,2024-12-26
44,03:38,2024-12-26
45,03:40,2024-12-26
44,03:42,2024-12-26
44,03:44,2024-12-26
44,03:46,2024-12-26
45,03:48,2024-12-26
45,03:50,2024-12-26
45,03:52,2024-12-26
46,03:54,2024-12-26
45,03:56,2024-12-26
45,03:58,2024-12-26
51,04:00,2024-12-26
42,04:02,2024-12-26
43,04:04,2024-12-26
43,04:06,2024-12-26
42,04:08,2024-12-26
42,04:10,2024-12-26
42,04:12,2024-12-26
44,04:14,2024-12-26
43,04:16,2024-12-26
43,04:18,2024-12-26
44,04:20,2024-12-26
44,04:22,2024-12-26
45,04:24,2024-12-26
48,04:26,2024-12-26
44,04:28,2024-12-26
45,04:30,2024-12-26
43,04:32,2024-12-26
44,04:34,2024-12-26
44,04:36,2024-12-26
45,04:38,2024-12-26
55,04:40,2024-12-26
53,04:42,2024-12-26
45,04:44,2024-12-26
44,04:46,2024-12-26
45,04:48,2024-12-26
49,04:50,2024-12-26
45,04:52,2024-12-26
46,04:54,2024-12-26
48,04:56,2024-12-26
44,04:58,2024-12-26
44,05:00,2024-12-26
41,05:02,2024-12-26
42,05:04,2024-12-26
45,05:06,2024-12-26
41,05:08,2024-12-26
41,05:10,2024-12-26
42,05:12,2024-12-26
42,05:14,2024-12-26
42,05:16,2024-12-26
42,05:18,2024-12-26
43,05:20,2024-12-26
43,05:22,2024-12-26
44,05:24,2024-12-26
44,05:26,2024-12-26
44,05:28,2024-12-26
45,05:30,2024-12-26
45,05:32,2024-12-26
44,05:34,2024-12-26
45,05:36,2024-12-26
46,05:38,2024-12-26
43,05:40,2024-12-26
43,05:42,2024-12-26
43,05:44,2024-12-26
43,05:46,2024-12-26
42,05:48,2024-12-26
42,05:50,2024-12-26
44,05:52,2024-12-26
43,05:54,2024-12-26
44,05:56,2024-12-26
47,05:58,2024-12-26
48,06:00,2024-12-26
47,06:02,2024-12-26
48,06:04,2024-12-26
48,06:06,2024-12-26
48,06:08,2024-12-26
47,06:10,2024-12-26
47,06:12,2024-12-26
47,06:14,2024-12-26
47,06:16,2024-12-26
46,06:18,2024-12-26
47,06:20,2024-12-26
46,06:22,2024-12-26
46,06:24,2024-12-26
46,06:26,2024-12-26
45,06:28,2024-12-26
48,06:30,2024-12-26
52,06:32,2024-12-26
48,06:34,2024-12-26
47,06:36,2024-12-26
48,06:38,2024-12-26
62,06:40,2024-12-26
44,06:42,2024-12-26
49,06:44,2024-12-26
54,06:46,2024-12-26
50,06:48,2024-12-26
55,06:50,2024-12-26
45,06:52,2024-12-26
55,06:54,2024-12-26
57,06:56,2024-12-26
49,06:58,2024-12-26
45,07:00,2024-12-26
44,07:02,2024-12-26
44,07:04,2024-12-26
44,07:06,2024-12-26
45,07:08,2024-12-26
47,07:10,2024-12-26
43,07:12,2024-12-26
45,07:14,2024-12-26
45,07:16,2024-12-26
44,07:18,2024-12-26
45,07:20,2024-12-26
44,07:22,2024-12-26
47,07:24,2024-12-26
48,07:26,2024-12-26
41,07:28,2024-12-26
42,07:30,2024-12-26
41,07:32,2024-12-26
42,07:34,2024-12-26
43,07:36,2024-12-26
42,07:38,2024-12-26
42,07:40,2024-12-26
43,07:42,2024-12-26
43,07:44,2024-12-26
45,07:46,2024-12-26
48,07:48,2024-12-26
43,07:50,2024-12-26
46,07:52,2024-12-26
44,07:54,2024-12-26
44,07:56,2024-12-26
46,07:58,2024-12-26
43,08:00,2024-12-26
43,08:02,2024-12-26
44,08:04,2024-12-26
45,08:06,2024-12-26
51,08:08,2024-12-26
42,08:10,2024-12-26
44,08:12,2024-12-26
44,08:14,2024-12-26
44,08:16,2024-12-26
46,08:18,2024-12-26
44,08:20,2024-12-26
45,08:22,2024-12-26
45,08:24,2024-12-26
50,08:26,2024-12-26
43,08:28,2024-12-26
45,08:30,2024-12-26
44,08:32,2024-12-26
44,08:34,2024-12-26
45,08:36,2024-12-26
45,08:38,2024-12-26
53,08:40,2024-12-26
44,08:42,2024-12-26
44,08:44,2024-12-26
45,08:46,2024-12-26
45,08:48,2024-12-26
45,08:50,2024-12-26
43,08:52,2024-12-26
44,08:54,2024-12-26
45,08:56,2024-12-26
44,08:58,2024-12-26
55,09:00,2024-12-26
48,09:02,2024-12-26
53,09:04,2024-12-26
42,09:06,2024-12-26
46,09:08,2024-12-26
44,09:10,2024-12-26
52,09:12,2024-12-26
49,09:14,2024-12-26
54,00:58,2024-12-27
53,01:00,2024-12-27
53,01:02,2024-12-27
54,01:04,2024-12-27
54,01:06,2024-12-27
52,01:08,2024-12-27
52,01:10,2024-12-27
52,01:12,2024-12-27
53,01:14,2024-12-27
52,01:16,2024-12-27
53,01:18,2024-12-27
53,01:20,2024-12-27
54,01:22,2024-12-27
57,01:24,2024-12-27
52,01:26,2024-12-27
53,01:28,2024-12-27
53,01:30,2024-12-27
53,01:32,2024-12-27
51,01:34,2024-12-27
52,01:36,2024-12-27
52,01:38,2024-12-27
53,01:40,2024-12-27
52,01:42,2024-12-27
52,01:44,2024-12-27
53,01:46,2024-12-27
52,01:48,2024-12-27
51,01:50,2024-12-27
50,01:52,2024-12-27
51,01:54,2024-12-27
50,01:56,2024-12-27
50,01:58,2024-12-27
51,02:00,2024-12-27
53,02:02,2024-12-27
54,02:04,2024-12-27
54,02:06,2024-12-27
53,02:08,2024-12-27
52,02:10,2024-12-27
50,02:12,2024-12-27
50,02:14,2024-12-27
52,02:16,2024-12-27
54,02:18,2024-12-27
51,02:20,2024-12-27
51,02:22,2024-12-27
51,02:24,2024-12-27
52,02:26,2024-12-27
50,02:28,2024-12-27
51,02:30,2024-12-27
52,02:32,2024-12-27
54,02:34,2024-12-27
48,02:36,2024-12-27
48,02:38,2024-12-27
47,02:40,2024-12-27
48,02:42,2024-12-27
48,02:44,2024-12-27
48,02:46,2024-12-27
49,02:48,2024-12-27
49,02:50,2024-12-27
49,02:52,2024-12-27
49,02:54,2024-12-27
48,02:56,2024-12-27
48,02:58,2024-12-27
48,03:00,2024-12-27
48,03:02,2024-12-27
48,03:04,2024-12-27
50,03:06,2024-12-27
52,03:08,2024-12-27
53,03:10,2024-12-27
49,03:12,2024-12-27
48,03:14,2024-12-27
48,03:16,2024-12-27
48,03:18,2024-12-27
49,03:20,2024-12-27
48,03:22,2024-12-27
48,03:24,2024-12-27
49,03:26,2024-12-27
47,03:28,2024-12-27
49,03:30,2024-12-27
49,03:32,2024-12-27
49,03:34,2024-12-27
49,03:36,2024-12-27
56,03:38,2024-12-27
43,03:40,2024-12-27
44,03:42,2024-12-27
46,03:44,2024-12-27
46,03:46,2024-12-27
46,03:48,2024-12-27
45,03:50,2024-12-27
47,03:52,2024-12-27
45,03:54,2024-12-27
46,03:56,2024-12-27
46,03:58,2024-12-27
45,04:00,2024-12-27
46,04:02,2024-12-27
48,04:04,2024-12-27
46,04:06,2024-12-27
45,04:08,2024-12-27
46,04:10,2024-12-27
46,04:12,2024-12-27
48,04:14,2024-12-27
47,04:16,2024-12-27
47,04:18,2024-12-27
47,04:20,2024-12-27
46,04:22,2024-12-27
46,04:24,2024-12-27
46,04:26,2024-12-27
46,04:28,2024-12-27
47,04:30,2024-12-27
46,04:32,2024-12-27
47,04:34,2024-12-27
47,04:36,2024-12-27
47,04:38,2024-12-27
46,04:40,2024-12-27
59,04:42,2024-12-27
52,04:44,2024-12-27
49,04:46,2024-12-27
50,04:48,2024-12-27
44,04:50,2024-12-27
45,04:52,2024-12-27
45,04:54,2024-12-27
45,04:56,2024-12-27
45,04:58,2024-12-27
47,05:00,2024-12-27
48,05:02,2024-12-27
46,05:04,2024-12-27
44,05:06,2024-12-27
44,05:08,2024-12-27
42,05:10,2024-12-27
47,05:12,2024-12-27
55,05:14,2024-12-27
48,05:16,2024-12-27
46,05:18,2024-12-27
44,05:20,2024-12-27
45,05:22,2024-12-27
47,05:24,2024-12-27
44,05:26,2024-12-27
45,05:28,2024-12-27
47,05:30,2024-12-27
46,05:32,2024-12-27
44,05:34,2024-12-27
47,05:36,2024-12-27
49,05:38,2024-12-27
45,05:40,2024-12-27
45,05:42,2024-12-27
44,05:44,2024-12-27
46,05:46,2024-12-27
45,05:48,2024-12-27
45,05:50,2024-12-27
46,05:52,2024-12-27
45,05:54,2024-12-27
45,05:56,2024-12-27
46,05:58,2024-12-27
46,06:00,2024-12-27
46,06:02,2024-12-27
46,06:04,2024-12-27
46,06:06,2024-12-27
52,06:08,2024-12-27
42,06:10,2024-12-27
42,06:12,2024-12-27
43,06:14,2024-12-27
43,06:16,2024-12-27
44,06:18,2024-12-27
44,06:20,2024-12-27
45,06:22,2024-12-27
44,06:24,2024-12-27
45,06:26,2024-12-27
44,06:28,2024-12-27
45,06:30,2024-12-27
46,06:32,2024-12-27
47,06:34,2024-12-27
42,06:36,2024-12-27
49,06:38,2024-12-27
45,06:40,2024-12-27
43,06:42,2024-12-27
44,06:44,2024-12-27
42,06:46,2024-12-27
43,06:48,2024-12-27
46,06:50,2024-12-27
44,06:52,2024-12-27
46,06:54,2024-12-27
44,06:56,2024-12-27
51,06:58,2024-12-27
49,07:00,2024-12-27
45,07:02,2024-12-27
46,07:04,2024-12-27
46,07:06,2024-12-27
47,07:08,2024-12-27
48,07:10,2024-12-27
49,07:12,2024-12-27
46,07:14,2024-12-27
48,07:16,2024-12-27
49,07:18,2024-12-27
51,07:20,2024-12-27
48,07:22,2024-12-27
48,07:24,2024-12-27
49,07:26,2024-12-27
53,07:28,2024-12-27
48,07:30,2024-12-27
45,07:32,2024-12-27
44,07:34,2024-12-27
45,07:36,2024-12-27
46,07:38,2024-12-27
46,07:40,2024-12-27
52,07:42,2024-12-27
46,07:44,2024-12-27
47,07:46,2024-12-27
47,07:48,2024-12-27
47,07:50,2024-12-27
48,07:52,2024-12-27
47,07:54,2024-12-27
52,01:18,2024-12-28
53,01:20,2024-12-28
54,01:22,2024-12-28
54,01:24,2024-12-28
55,01:26,2024-12-28
53,01:28,2024-12-28
55,01:30,2024-12-28
55,01:32,2024-12-28
55,01:34,2024-12-28
55,01:36,2024-12-28
55,01:38,2024-12-28
56,01:40,2024-12-28
56,01:42,2024-12-28
56,01:44,2024-12-28
56,01:46,2024-12-28
56,01:48,2024-12-28
55,01:50,2024-12-28
55,01:52,2024-12-28
56,01:54,2024-12-28
71,01:56,2024-12-28
53,01:58,2024-12-28
51,02:00,2024-12-28
51,02:02,2024-12-28
51,02:04,2024-12-28
51,02:06,2024-12-28
50,02:08,2024-12-28
49,02:10,2024-12-28
51,02:12,2024-12-28
50,02:14,2024-12-28
50,02:16,2024-12-28
50,02:18,2024-12-28
49,02:20,2024-12-28
50,02:22,2024-12-28
49,02:24,2024-12-28
49,02:26,2024-12-28
54,02:28,2024-12-28
48,02:30,2024-12-28
49,02:32,2024-12-28
50,02:34,2024-12-28
51,02:36,2024-12-28
48,02:38,2024-12-28
48,02:40,2024-12-28
48,02:42,2024-12-28
47,02:44,2024-12-28
46,02:46,2024-12-28
47,02:48,2024-12-28
47,02:50,2024-12-28
47,02:52,2024-12-28
48,02:54,2024-12-28
47,02:56,2024-12-28
48,02:58,2024-12-28
47,03:00,2024-12-28
49,03:02,2024-12-28
60,03:04,2024-12-28
49,03:06,2024-12-28
49,03:08,2024-12-28
49,03:10,2024-12-28
48,03:12,2024-12-28
48,03:14,2024-12-28
49,03:16,2024-12-28
48,03:18,2024-12-28
49,03:20,2024-12-28
49,03:22,2024-12-28
49,03:24,2024-12-28
49,03:26,2024-12-28
49,03:28,2024-12-28
49,03:30,2024-12-28
49,03:32,2024-12-28
49,03:34,2024-12-28
49,03:36,2024-12-28
49,03:38,2024-12-28
48,03:40,2024-12-28
48,03:42,2024-12-28
48,03:44,2024-12-28
48,03:46,2024-12-28
48,03:48,2024-12-28
50,03:50,2024-12-28
53,03:52,2024-12-28
54,03:54,2024-12-28
48,03:56,2024-12-28
48,03:58,2024-12-28
47,04:00,2024-12-28
48,04:02,2024-12-28
50,04:04,2024-12-28
51,04:06,2024-12-28
49,04:08,2024-12-28
50,04:10,2024-12-28
49,04:12,2024-12-28
49,04:14,2024-12-28
48,04:16,2024-12-28
49,04:18,2024-12-28
52,04:20,2024-12-28
48,04:22,2024-12-28
49,04:24,2024-12-28
48,04:26,2024-12-28
49,04:28,2024-12-28
49,04:30,2024-12-28
45,04:32,2024-12-28
51,04:34,2024-12-28
42,04:36,2024-12-28
42,04:38,2024-12-28
43,04:40,2024-12-28
42,04:42,2024-12-28
42,04:44,2024-12-28
43,04:46,2024-12-28
44,04:48,2024-12-28
43,04:50,2024-12-28
49,04:52,2024-12-28
47,04:54,2024-12-28
44,04:56,2024-12-28
46,04:58,2024-12-28
46,05:00,2024-12-28
45,05:02,2024-12-28
45,05:04,2024-12-28
45,05:06,2024-12-28
44,05:08,2024-12-28
42,05:10,2024-12-28
43,05:12,2024-12-28
42,05:14,2024-12-28
43,05:16,2024-12-28
45,05:18,2024-12-28
43,05:20,2024-12-28
44,05:22,2024-12-28
44,05:24,2024-12-28
47,05:26,2024-12-28
46,05:28,2024-12-28
49,05:30,2024-12-28
46,05:32,2024-12-28
46,05:34,2024-12-28
47,05:36,2024-12-28
46,05:38,2024-12-28
46,05:40,2024-12-28
45,05:42,2024-12-28
50,05:44,2024-12-28
45,05:46,2024-12-28
44,05:48,2024-12-28
45,05:50,2024-12-28
43,05:52,2024-12-28
43,05:54,2024-12-28
44,05:56,2024-12-28
46,05:58,2024-12-28
43,06:00,2024-12-28
46,06:02,2024-12-28
44,06:04,2024-12-28
45,06:06,2024-12-28
44,06:08,2024-12-28
44,06:10,2024-12-28
44,06:12,2024-12-28
44,06:14,2024-12-28
45,06:16,2024-12-28
45,06:18,2024-12-28
44,06:20,2024-12-28
45,06:22,2024-12-28
44,06:24,2024-12-28
45,06:26,2024-12-28
53,06:28,2024-12-28
52,06:30,2024-12-28
46,06:32,2024-12-28
48,06:34,2024-12-28
45,06:36,2024-12-28
45,06:38,2024-12-28
43,06:40,2024-12-28
44,06:42,2024-12-28
43,06:44,2024-12-28
43,06:46,2024-12-28
44,06:48,2024-12-28
43,06:50,2024-12-28
44,06:52,2024-12-28
47,06:54,2024-12-28
53,06:56,2024-12-28
47,06:58,2024-12-28
44,07:00,2024-12-28
45,07:02,2024-12-28
47,07:04,2024-12-28
45,07:06,2024-12-28
49,07:08,2024-12-28
46,07:10,2024-12-28
47,07:12,2024-12-28
47,07:14,2024-12-28
48,07:16,2024-12-28
47,07:18,2024-12-28
49,07:20,2024-12-28
45,07:22,2024-12-28
43,07:24,2024-12-28
44,07:26,2024-12-28
44,07:28,2024-12-28
45,07:30,2024-12-28
46,07:32,2024-12-28
45,07:34,2024-12-28
46,07:36,2024-12-28
51,07:38,2024-12-28
47,07:40,2024-12-28
47,07:42,2024-12-28
47,07:44,2024-12-28
48,07:46,2024-12-28
47,07:48,2024-12-28
48,07:50,2024-12-28
47,07:52,2024-12-28
47,07:54,2024-12-28
48,07:56,2024-12-28
49,07:58,2024-12-28
50,08:00,2024-12-28
55,08:02,2024-12-28
47,08:04,2024-12-28
47,08:06,2024-12-28
46,08:08,2024-12-28
50,08:10,2024-12-28
49,08:12,2024-12-28
52,08:14,2024-12-28
50,08:16,2024-12-28
49,08:18,2024-12-28
48,08:20,2024-12-28
48,08:22,2024-12-28
49,08:24,2024-12-28
49,08:26,2024-12-28
49,08:28,2024-12-28
51,08:30,2024-12-28
48,08:32,2024-12-28
50,08:34,2024-12-28
49,08:36,2024-12-28
48,08:38,2024-12-28
48,08:40,2024-12-28
49,08:42,2024-12-28
49,08:44,2024-12-28
49,08:46,2024-12-28
60,08:48,2024-12-28
57,08:50,2024-12-28
59,02:32,2024-12-29
59,02:34,2024-12-29
60,02:36,2024-12-29
60,02:38,2024-12-29
60,02:40,2024-12-29
61,02:42,2024-12-29
61,02:44,2024-12-29
60,02:46,2024-12-29
60,02:48,2024-12-29
61,02:50,2024-12-29
60,02:52,2024-12-29
60,02:54,2024-12-29
60,02:56,2024-12-29
60,02:58,2024-12-29
60,03:00,2024-12-29
74,03:02,2024-12-29
66,03:04,2024-12-29
62,03:06,2024-12-29
60,03:08,2024-12-29
58,03:10,2024-12-29
59,03:12,2024-12-29
59,03:14,2024-12-29
60,03:16,2024-12-29
61,03:18,2024-12-29
62,03:20,2024-12-29
61,03:22,2024-12-29
59,03:24,2024-12-29
60,03:26,2024-12-29
58,03:28,2024-12-29
56,03:30,2024-12-29
57,03:32,2024-12-29
56,03:34,2024-12-29
57,03:36,2024-12-29
56,03:38,2024-12-29
57,03:40,2024-12-29
56,03:42,2024-12-29
57,03:44,2024-12-29
61,03:46,2024-12-29
54,03:48,2024-12-29
55,03:50,2024-12-29
56,03:52,2024-12-29
55,03:54,2024-12-29
56,03:56,2024-12-29
57,03:58,2024-12-29
56,04:00,2024-12-29
56,04:02,2024-12-29
56,04:04,2024-12-29
56,04:06,2024-12-29
57,04:08,2024-12-29
56,04:10,2024-12-29
56,04:12,2024-12-29
56,04:14,2024-12-29
55,04:16,2024-12-29
55,04:18,2024-12-29
56,04:20,2024-12-29
61,04:22,2024-12-29
56,04:24,2024-12-29
53,04:26,2024-12-29
55,04:28,2024-12-29
53,04:30,2024-12-29
55,04:32,2024-12-29
55,04:34,2024-12-29
56,04:36,2024-12-29
57,04:38,2024-12-29
53,04:40,2024-12-29
54,04:42,2024-12-29
53,04:44,2024-12-29
53,04:46,2024-12-29
54,04:48,2024-12-29
54,04:50,2024-12-29
53,04:52,2024-12-29
55,04:54,2024-12-29
53,04:56,2024-12-29
53,04:58,2024-12-29
52,05:00,2024-12-29
53,05:02,2024-12-29
52,05:04,2024-12-29
53,05:06,2024-12-29
53,05:08,2024-12-29
53,05:10,2024-12-29
54,05:12,2024-12-29
54,05:14,2024-12-29
54,05:16,2024-12-29
54,05:18,2024-12-29
54,05:20,2024-12-29
53,05:22,2024-12-29
54,05:24,2024-12-29
54,05:26,2024-12-29
54,05:28,2024-12-29
54,05:30,2024-12-29
55,05:32,2024-12-29
54,05:34,2024-12-29
55,05:36,2024-12-29
55,05:38,2024-12-29
54,05:40,2024-12-29
71,05:42,2024-12-29
56,05:44,2024-12-29
46,05:46,2024-12-29
47,05:48,2024-12-29
45,05:50,2024-12-29
46,05:52,2024-12-29
47,05:54,2024-12-29
53,05:56,2024-12-29
53,05:58,2024-12-29
50,06:00,2024-12-29
49,06:02,2024-12-29
47,06:04,2024-12-29
45,06:06,2024-12-29
44,06:08,2024-12-29
46,06:10,2024-12-29
46,06:12,2024-12-29
50,06:14,2024-12-29
49,06:16,2024-12-29
48,06:18,2024-12-29
50,06:20,2024-12-29
48,06:22,2024-12-29
50,06:24,2024-12-29
47,06:26,2024-12-29
48,06:28,2024-12-29
48,06:30,2024-12-29
49,06:32,2024-12-29
50,06:34,2024-12-29
49,06:36,2024-12-29
49,06:38,2024-12-29
49,06:40,2024-12-29
49,06:42,2024-12-29
49,06:44,2024-12-29
48,06:46,2024-12-29
49,06:48,2024-12-29
50,06:50,2024-12-29
55,06:52,2024-12-29
48,06:54,2024-12-29
48,06:56,2024-12-29
49,06:58,2024-12-29
44,07:00,2024-12-29
45,07:02,2024-12-29
45,07:04,2024-12-29
45,07:06,2024-12-29
46,07:08,2024-12-29
45,07:10,2024-12-29
49,07:12,2024-12-29
46,07:14,2024-12-29
46,07:16,2024-12-29
49,07:18,2024-12-29
47,07:20,2024-12-29
47,07:22,2024-12-29
49,07:24,2024-12-29
46,07:26,2024-12-29
47,07:28,2024-12-29
45,07:30,2024-12-29
45,07:32,2024-12-29
47,07:34,2024-12-29
45,07:36,2024-12-29
47,07:38,2024-12-29
44,07:40,2024-12-29
44,07:42,2024-12-29
45,07:44,2024-12-29
44,07:46,2024-12-29
44,07:48,2024-12-29
49,07:50,2024-12-29
46,07:52,2024-12-29
49,07:54,2024-12-29
51,07:56,2024-12-29
47,07:58,2024-12-29
45,08:00,2024-12-29
45,08:02,2024-12-29
44,08:04,2024-12-29
46,08:06,2024-12-29
45,08:08,2024-12-29
45,08:10,2024-12-29
46,08:12,2024-12-29
46,08:14,2024-12-29
46,08:16,2024-12-29
47,08:18,2024-12-29
48,08:20,2024-12-29
48,08:22,2024-12-29
48,08:24,2024-12-29
48,08:26,2024-12-29
48,08:28,2024-12-29
48,08:30,2024-12-29
47,08:32,2024-12-29
48,08:34,2024-12-29
48,08:36,2024-12-29
49,08:38,2024-12-29
49,08:40,2024-12-29
48,08:42,2024-12-29
49,08:44,2024-12-29
50,08:46,2024-12-29
53,08:48,2024-12-29
54,08:50,2024-12-29
47,08:52,2024-12-29
47,08:54,2024-12-29
48,08:56,2024-12-29
47,08:58,2024-12-29
46,09:00,2024-12-29
46,09:02,2024-12-29
49,09:04,2024-12-29
51,09:06,2024-12-29
50,09:08,2024-12-29
50,09:10,2024-12-29
47,09:12,2024-12-29
48,09:14,2024-12-29
49,09:16,2024-12-29
47,09:18,2024-12-29
46,09:20,2024-12-29
60,00:10,2024-12-30
58,00:12,2024-12-30
58,00:14,2024-12-30
59,00:16,2024-12-30
60,00:18,2024-12-30
59,00:20,2024-12-30
58,00:22,2024-12-30
58,00:24,2024-12-30
59,00:26,2024-12-30
59,00:28,2024-12-30
59,00:30,2024-12-30
59,00:32,2024-12-30
58,00:34,2024-12-30
59,00:36,2024-12-30
59,00:38,2024-12-30
59,00:40,2024-12-30
58,00:42,2024-12-30
58,00:44,2024-12-30
58,00:46,2024-12-30
58,00:48,2024-12-30
58,00:50,2024-12-30
58,00:52,2024-12-30
57,00:54,2024-12-30
56,00:56,2024-12-30
57,00:58,2024-12-30
58,01:00,2024-12-30
58,01:02,2024-12-30
58,01:04,2024-12-30
58,01:06,2024-12-30
57,01:08,2024-12-30
58,01:10,2024-12-30
57,01:12,2024-12-30
62,01:14,2024-12-30
58,01:16,2024-12-30
53,01:18,2024-12-30
55,01:20,2024-12-30
56,01:22,2024-12-30
57,01:24,2024-12-30
58,01:26,2024-12-30
58,01:28,2024-12-30
57,01:30,2024-12-30
56,01:32,2024-12-30
56,01:34,2024-12-30
59,01:36,2024-12-30
57,01:38,2024-12-30
58,01:40,2024-12-30
57,01:42,2024-12-30
54,01:44,2024-12-30
57,01:46,2024-12-30
60,01:48,2024-12-30
51,01:50,2024-12-30
50,01:52,2024-12-30
51,01:54,2024-12-30
52,01:56,2024-12-30
51,01:58,2024-12-30
50,02:00,2024-12-30
51,02:02,2024-12-30
50,02:04,2024-12-30
50,02:06,2024-12-30
51,02:08,2024-12-30
51,02:10,2024-12-30
50,02:12,2024-12-30
50,02:14,2024-12-30
52,02:16,2024-12-30
53,02:18,2024-12-30
52,02:20,2024-12-30
59,02:22,2024-12-30
53,02:24,2024-12-30
53,02:26,2024-12-30
53,02:28,2024-12-30
51,02:30,2024-12-30
50,02:32,2024-12-30
51,02:34,2024-12-30
52,02:36,2024-12-30
53,02:38,2024-12-30
54,02:40,2024-12-30
54,02:42,2024-12-30
56,02:44,2024-12-30
52,02:46,2024-12-30
54,02:48,2024-12-30
53,02:50,2024-12-30
53,02:52,2024-12-30
53,02:54,2024-12-30
52,02:56,2024-12-30
52,02:58,2024-12-30
53,03:00,2024-12-30
52,03:02,2024-12-30
52,03:04,2024-12-30
50,03:06,2024-12-30
52,03:08,2024-12-30
52,03:10,2024-12-30
52,03:12,2024-12-30
51,03:14,2024-12-30
53,03:16,2024-12-30
55,03:18,2024-12-30
53,03:20,2024-12-30
54,03:22,2024-12-30
52,03:24,2024-12-30
51,03:26,2024-12-30
51,03:28,2024-12-30
52,03:30,2024-12-30
52,03:32,2024-12-30
52,03:34,2024-12-30
52,03:36,2024-12-30
53,03:38,2024-12-30
52,03:40,2024-12-30
55,03:42,2024-12-30
49,03:44,2024-12-30
51,03:46,2024-12-30
51,03:48,2024-12-30
51,03:50,2024-12-30
52,03:52,2024-12-30
51,03:54,2024-12-30
52,03:56,2024-12-30
52,03:58,2024-12-30
51,04:00,2024-12-30
52,04:02,2024-12-30
51,04:04,2024-12-30
52,04:06,2024-12-30
52,04:08,2024-12-30
50,04:10,2024-12-30
50,04:12,2024-12-30
49,04:14,2024-12-30
53,04:16,2024-12-30
51,04:18,2024-12-30
51,04:20,2024-12-30
52,04:22,2024-12-30
50,04:24,2024-12-30
52,04:26,2024-12-30
60,04:28,2024-12-30
49,04:30,2024-12-30
50,04:32,2024-12-30
49,04:34,2024-12-30
52,04:36,2024-12-30
56,04:38,2024-12-30
54,04:40,2024-12-30
53,04:42,2024-12-30
48,04:44,2024-12-30
49,04:46,2024-12-30
51,04:48,2024-12-30
48,04:50,2024-12-30
50,04:52,2024-12-30
46,04:54,2024-12-30
49,04:56,2024-12-30
51,04:58,2024-12-30
52,05:00,2024-12-30
49,05:02,2024-12-30
53,05:04,2024-12-30
51,05:06,2024-12-30
50,05:08,2024-12-30
51,05:10,2024-12-30
51,05:12,2024-12-30
52,05:14,2024-12-30
51,05:16,2024-12-30
51,05:18,2024-12-30
52,05:20,2024-12-30
51,05:22,2024-12-30
52,05:24,2024-12-30
51,05:26,2024-12-30
52,05:28,2024-12-30
52,05:30,2024-12-30
52,05:32,2024-12-30
56,05:34,2024-12-30
50,05:36,2024-12-30
50,05:38,2024-12-30
49,05:40,2024-12-30
50,05:42,2024-12-30
50,05:44,2024-12-30
50,05:46,2024-12-30
51,05:48,2024-12-30
51,05:50,2024-12-30
51,05:52,2024-12-30
51,05:54,2024-12-30
51,05:56,2024-12-30
51,05:58,2024-12-30
51,06:00,2024-12-30
56,06:02,2024-12-30
48,06:04,2024-12-30
49,06:06,2024-12-30
49,06:08,2024-12-30
48,06:10,2024-12-30
48,06:12,2024-12-30
48,06:14,2024-12-30
60,06:16,2024-12-30
51,06:18,2024-12-30
48,06:20,2024-12-30
49,06:22,2024-12-30
48,06:24,2024-12-30
51,06:26,2024-12-30
46,06:28,2024-12-30
51,06:30,2024-12-30
49,06:32,2024-12-30
47,06:34,2024-12-30
48,06:36,2024-12-30
48,06:38,2024-12-30
48,06:40,2024-12-30
49,06:42,2024-12-30
49,06:44,2024-12-30
50,06:46,2024-12-30
45,06:48,2024-12-30
47,06:50,2024-12-30
48,06:52,2024-12-30
47,06:54,2024-12-30
47,06:56,2024-12-30
50,06:58,2024-12-30
49,07:00,2024-12-30
47,07:02,2024-12-30
48,07:04,2024-12-30
49,07:06,2024-12-30
58,01:28,2024-12-31
58,01:30,2024-12-31
57,01:32,2024-12-31
57,01:34,2024-12-31
56,01:36,2024-12-31
56,01:38,2024-12-31
56,01:40,2024-12-31
56,01:42,2024-12-31
56,01:44,2024-12-31
56,01:46,2024-12-31
56,01:48,2024-12-31
55,01:50,2024-12-31
56,01:52,2024-12-31
56,01:54,2024-12-31
57,01:56,2024-12-31
57,01:58,2024-12-31
56,02:00,2024-12-31
56,02:02,2024-12-31
57,02:04,2024-12-31
57,02:06,2024-12-31
57,02:08,2024-12-31
58,02:10,2024-12-31
55,02:12,2024-12-31
53,02:14,2024-12-31
55,02:16,2024-12-31
52,02:18,2024-12-31
51,02:20,2024-12-31
52,02:22,2024-12-31
52,02:24,2024-12-31
51,02:26,2024-12-31
50,02:28,2024-12-31
51,02:30,2024-12-31
51,02:32,2024-12-31
52,02:34,2024-12-31
53,02:36,2024-12-31
52,02:38,2024-12-31
56,02:40,2024-12-31
52,02:42,2024-12-31
51,02:44,2024-12-31
53,02:46,2024-12-31
54,02:48,2024-12-31
53,02:50,2024-12-31
52,02:52,2024-12-31
54,02:54,2024-12-31
54,02:56,2024-12-31
53,02:58,2024-12-31
52,03:00,2024-12-31
53,03:02,2024-12-31
53,03:04,2024-12-31
53,03:06,2024-12-31
53,03:08,2024-12-31
53,03:10,2024-12-31
53,03:12,2024-12-31
53,03:14,2024-12-31
53,03:16,2024-12-31
60,03:18,2024-12-31
56,03:20,2024-12-31
51,03:22,2024-12-31
49,03:24,2024-12-31
49,03:26,2024-12-31
50,03:28,2024-12-31
51,03:30,2024-12-31
51,03:32,2024-12-31
51,03:34,2024-12-31
50,03:36,2024-12-31
51,03:38,2024-12-31
51,03:40,2024-12-31
51,03:42,2024-12-31
49,03:44,2024-12-31
49,03:46,2024-12-31
49,03:48,2024-12-31
49,03:50,2024-12-31
52,03:52,2024-12-31
47,03:54,2024-12-31
46,03:56,2024-12-31
46,03:58,2024-12-31
48,04:00,2024-12-31
48,04:02,2024-12-31
48,04:04,2024-12-31
47,04:06,2024-12-31
48,04:08,2024-12-31
47,04:10,2024-12-31
46,04:12,2024-12-31
46,04:14,2024-12-31
52,04:16,2024-12-31
48,04:18,2024-12-31
46,04:20,2024-12-31
47,04:22,2024-12-31
50,04:24,2024-12-31
48,04:26,2024-12-31
46,04:28,2024-12-31
48,04:30,2024-12-31
47,04:32,2024-12-31
47,04:34,2024-12-31
47,04:36,2024-12-31
48,04:38,2024-12-31
48,04:40,2024-12-31
48,04:42,2024-12-31
46,04:44,2024-12-31
47,04:46,2024-12-31
48,04:48,2024-12-31
48,04:50,2024-12-31
48,04:52,2024-12-31
48,04:54,2024-12-31
48,04:56,2024-12-31
48,04:58,2024-12-31
48,05:00,2024-12-31
56,05:02,2024-12-31
48,05:04,2024-12-31
47,05:06,2024-12-31
47,05:08,2024-12-31
46,05:10,2024-12-31
54,05:12,2024-12-31
47,05:14,2024-12-31
47,05:16,2024-12-31
47,05:18,2024-12-31
47,05:20,2024-12-31
47,05:22,2024-12-31
51,05:24,2024-12-31
51,05:26,2024-12-31
49,05:28,2024-12-31
48,05:30,2024-12-31
50,05:32,2024-12-31
52,05:34,2024-12-31
45,05:36,2024-12-31
45,05:38,2024-12-31
47,05:40,2024-12-31
60,05:42,2024-12-31
54,05:44,2024-12-31
51,05:46,2024-12-31
49,05:48,2024-12-31
49,05:50,2024-12-31
48,05:52,2024-12-31
54,05:54,2024-12-31
50,05:56,2024-12-31
51,05:58,2024-12-31
50,06:00,2024-12-31
51,06:02,2024-12-31
67,06:04,2024-12-31
47,06:06,2024-12-31
47,06:08,2024-12-31
45,06:10,2024-12-31
51,06:12,2024-12-31
46,06:14,2024-12-31
47,06:16,2024-12-31
46,06:18,2024-12-31
46,06:20,2024-12-31
46,06:22,2024-12-31
47,06:24,2024-12-31
45,06:26,2024-12-31
46,06:28,2024-12-31
46,06:30,2024-12-31
46,06:32,2024-12-31
47,06:34,2024-12-31
45,06:36,2024-12-31
45,06:38,2024-12-31
47,06:40,2024-12-31
46,06:42,2024-12-31
47,06:44,2024-12-31
48,06:46,2024-12-31
47,06:48,2024-12-31
48,06:50,2024-12-31
47,06:52,2024-12-31
49,06:54,2024-12-31
49,06:56,2024-12-31
49,06:58,2024-12-31
49,07:00,2024-12-31
49,07:02,2024-12-31
49,07:04,2024-12-31
49,07:06,2024-12-31
49,07:08,2024-12-31
49,07:10,2024-12-31
51,07:12,2024-12-31
57,07:14,2024-12-31
55,07:16,2024-12-31
52,07:18,2024-12-31
47,07:20,2024-12-31
48,07:22,2024-12-31
47,07:24,2024-12-31
49,07:26,2024-12-31
48,07:28,2024-12-31
46,07:30,2024-12-31
47,07:32,2024-12-31
48,07:34,2024-12-31
48,07:36,2024-12-31
51,07:38,2024-12-31
48,07:40,2024-12-31
47,07:42,2024-12-31
52,07:44,2024-12-31
50,07:46,2024-12-31
47,07:48,2024-12-31
51,07:50,2024-12-31
47,07:52,2024-12-31
53,07:54,2024-12-31
45,07:56,2024-12-31
48,07:58,2024-12-31
49,08:00,2024-12-31
46,08:02,2024-12-31
46,08:04,2024-12-31
45,08:06,2024-12-31
53,21:44,2025-01-02
53,21:46,2025-01-02
53,21:48,2025-01-02
53,21:50,2025-01-02
52,21:52,2025-01-02
53,21:54,2025-01-02
54,21:56,2025-01-02
51,21:58,2025-01-02
52,22:00,2025-01-02
51,22:02,2025-01-02
50,22:04,2025-01-02
49,22:06,2025-01-02
52,22:08,2025-01-02
52,22:10,2025-01-02
52,22:12,2025-01-02
53,22:14,2025-01-02
52,22:16,2025-01-02
52,22:18,2025-01-02
52,22:20,2025-01-02
52,22:22,2025-01-02
52,22:24,2025-01-02
52,22:26,2025-01-02
53,22:28,2025-01-02
53,22:30,2025-01-02
64,22:32,2025-01-02
55,22:34,2025-01-02
53,22:36,2025-01-02
52,22:38,2025-01-02
52,22:40,2025-01-02
54,22:42,2025-01-02
55,22:44,2025-01-02
55,22:46,2025-01-02
55,22:48,2025-01-02
55,22:50,2025-01-02
54,22:52,2025-01-02
54,22:54,2025-01-02
56,22:56,2025-01-02
52,22:58,2025-01-02
53,23:00,2025-01-02
53,23:02,2025-01-02
53,23:04,2025-01-02
56,23:06,2025-01-02
57,23:08,2025-01-02
53,23:10,2025-01-02
51,23:12,2025-01-02
54,23:14,2025-01-02
53,23:16,2025-01-02
54,23:18,2025-01-02
54,23:20,2025-01-02
53,23:22,2025-01-02
55,23:24,2025-01-02
57,23:26,2025-01-02
58,23:28,2025-01-02
51,23:30,2025-01-02
52,23:32,2025-01-02
53,23:34,2025-01-02
54,23:36,2025-01-02
53,23:38,2025-01-02
52,23:40,2025-01-02
52,23:42,2025-01-02
50,23:44,2025-01-02
51,23:46,2025-01-02
50,23:48,2025-01-02
52,23:50,2025-01-02
50,23:52,2025-01-02
54,23:54,2025-01-02
60,23:56,2025-01-02
70,23:58,2025-01-02
52,00:00,2025-01-02
52,00:02,2025-01-02
51,00:04,2025-01-02
50,00:06,2025-01-02
50,00:08,2025-01-02
51,00:10,2025-01-02
52,00:12,2025-01-02
53,00:14,2025-01-02
51,00:16,2025-01-02
53,00:18,2025-01-02
54,00:20,2025-01-02
53,00:22,2025-01-02
52,00:24,2025-01-02
53,00:26,2025-01-02
52,00:28,2025-01-02
52,00:30,2025-01-02
51,00:32,2025-01-02
51,00:34,2025-01-02
51,00:36,2025-01-02
51,00:38,2025-01-02
52,00:40,2025-01-02
54,00:42,2025-01-02
54,00:44,2025-01-02
50,00:46,2025-01-02
51,00:48,2025-01-02
52,00:50,2025-01-02
52,00:52,2025-01-02
52,00:54,2025-01-02
50,00:56,2025-01-02
50,00:58,2025-01-02
48,01:00,2025-01-02
50,01:02,2025-01-02
54,01:04,2025-01-02
48,01:06,2025-01-02
49,01:08,2025-01-02
48,01:10,2025-01-02
49,01:12,2025-01-02
50,01:14,2025-01-02
50,01:16,2025-01-02
50,01:18,2025-01-02
51,01:20,2025-01-02
59,01:22,2025-01-02
49,01:24,2025-01-02
50,01:26,2025-01-02
50,01:28,2025-01-02
50,01:30,2025-01-02
50,01:32,2025-01-02
51,01:34,2025-01-02
51,01:36,2025-01-02
50,01:38,2025-01-02
52,01:40,2025-01-02
51,01:42,2025-01-02
53,01:44,2025-01-02
52,01:46,2025-01-02
50,01:48,2025-01-02
49,01:50,2025-01-02
50,01:52,2025-01-02
50,01:54,2025-01-02
49,01:56,2025-01-02
51,01:58,2025-01-02
50,02:00,2025-01-02
50,02:02,2025-01-02
50,02:04,2025-01-02
51,02:06,2025-01-02
50,02:08,2025-01-02
50,02:10,2025-01-02
52,02:12,2025-01-02
50,02:14,2025-01-02
47,02:16,2025-01-02
46,02:18,2025-01-02
46,02:20,2025-01-02
46,02:22,2025-01-02
46,02:24,2025-01-02
52,02:26,2025-01-02
51,02:28,2025-01-02
49,02:30,2025-01-02
47,02:32,2025-01-02
47,02:34,2025-01-02
46,02:36,2025-01-02
46,02:38,2025-01-02
47,02:40,2025-01-02
48,02:42,2025-01-02
48,02:44,2025-01-02
48,02:46,2025-01-02
48,02:48,2025-01-02
50,02:50,2025-01-02
50,02:52,2025-01-02
52,02:54,2025-01-02
45,02:56,2025-01-02
44,02:58,2025-01-02
45,03:00,2025-01-02
45,03:02,2025-01-02
45,03:04,2025-01-02
46,03:06,2025-01-02
45,03:08,2025-01-02
45,03:10,2025-01-02
46,03:12,2025-01-02
45,03:14,2025-01-02
46,03:16,2025-01-02
48,03:18,2025-01-02
46,03:20,2025-01-02
45,03:22,2025-01-02
46,03:24,2025-01-02
48,03:26,2025-01-02
49,03:28,2025-01-02
49,03:30,2025-01-02
48,03:32,2025-01-02
49,03:34,2025-01-02
54,03:36,2025-01-02
55,03:38,2025-01-02
55,03:40,2025-01-02
55,03:42,2025-01-02
55,03:44,2025-01-02
49,03:46,2025-01-02
47,03:48,2025-01-02
47,03:50,2025-01-02
47,03:52,2025-01-02
47,03:54,2025-01-02
48,03:56,2025-01-02
48,03:58,2025-01-02
46,04:00,2025-01-02
46,04:02,2025-01-02
48,04:04,2025-01-02
49,04:06,2025-01-02
51,04:08,2025-01-02
54,04:10,2025-01-02
54,04:12,2025-01-02
54,04:14,2025-01-02
48,04:16,2025-01-02
49,04:18,2025-01-02
55,04:20,2025-01-02
45,04:22,2025-01-02
45,04:24,2025-01-02
46,04:26,2025-01-02
53,04:28,2025-01-02
44,04:30,2025-01-02
46,04:32,2025-01-02
46,04:34,2025-01-02
46,04:36,2025-01-02
46,04:38,2025-01-02
46,04:40,2025-01-02
46,04:42,2025-01-02
46,04:44,2025-01-02
47,04:46,2025-01-02
47,04:48,2025-01-02
46,04:50,2025-01-02
47,04:52,2025-01-02
47,04:54,2025-01-02
47,04:56,2025-01-02
47,04:58,2025-01-02
48,05:00,2025-01-02
49,05:02,2025-01-02
50,05:04,2025-01-02
50,05:06,2025-01-02
55,05:08,2025-01-02
44,05:10,2025-01-02
44,05:12,2025-01-02
45,05:14,2025-01-02
44,05:16,2025-01-02
47,05:18,2025-01-02
46,05:20,2025-01-02
47,05:22,2025-01-02
60,05:24,2025-01-02
48,05:26,2025-01-02
46,05:28,2025-01-02
50,05:30,2025-01-02
51,05:32,2025-01-02
45,05:34,2025-01-02
45,05:36,2025-01-02
44,05:38,2025-01-02
45,05:40,2025-01-02
47,05:42,2025-01-02
45,05:44,2025-01-02
44,05:46,2025-01-02
44,05:48,2025-01-02
44,05:50,2025-01-02
44,05:52,2025-01-02
45,05:54,2025-01-02
47,05:56,2025-01-02
42,05:58,2025-01-02
44,06:00,2025-01-02
42,06:02,2025-01-02
44,06:04,2025-01-02
44,06:06,2025-01-02
48,06:08,2025-01-02
45,06:10,2025-01-02
44,06:12,2025-01-02
44,06:14,2025-01-02
45,06:16,2025-01-02
46,06:18,2025-01-02
46,06:20,2025-01-02
44,06:22,2025-01-02
52,06:24,2025-01-02
46,06:26,2025-01-02
45,06:28,2025-01-02
43,06:30,2025-01-02
54,06:32,2025-01-02
47,06:34,2025-01-02
44,06:36,2025-01-02
44,06:38,2025-01-02
47,06:40,2025-01-02
47,06:42,2025-01-02
44,06:44,2025-01-02
45,06:46,2025-01-02
45,06:48,2025-01-02
46,06:50,2025-01-02
47,06:52,2025-01-02
44,06:54,2025-01-02
47,06:56,2025-01-02
50,06:58,2025-01-02
48,07:00,2025-01-02
48,07:02,2025-01-02
46,07:04,2025-01-02
45,07:06,2025-01-02
44,07:08,2025-01-02
45,07:10,2025-01-02
44,07:12,2025-01-02
45,07:14,2025-01-02
46,07:16,2025-01-02
45,07:18,2025-01-02
51,23:00,2025-01-03
54,23:02,2025-01-03
55,23:04,2025-01-03
54,23:06,2025-01-03
53,23:08,2025-01-03
54,23:10,2025-01-03
54,23:12,2025-01-03
55,23:14,2025-01-03
54,23:16,2025-01-03
55,23:18,2025-01-03
55,23:20,2025-01-03
55,23:22,2025-01-03
54,23:24,2025-01-03
54,23:26,2025-01-03
54,23:28,2025-01-03
55,23:30,2025-01-03
55,23:32,2025-01-03
55,23:34,2025-01-03
54,23:36,2025-01-03
54,23:38,2025-01-03
54,23:40,2025-01-03
61,23:42,2025-01-03
69,23:44,2025-01-03
70,23:46,2025-01-03
55,23:48,2025-01-03
49,23:50,2025-01-03
53,23:52,2025-01-03
61,23:54,2025-01-03
62,23:56,2025-01-03
58,23:58,2025-01-03
51,00:00,2025-01-03
51,00:02,2025-01-03
53,00:04,2025-01-03
53,00:06,2025-01-03
53,00:08,2025-01-03
54,00:10,2025-01-03
52,00:12,2025-01-03
53,00:14,2025-01-03
53,00:16,2025-01-03
52,00:18,2025-01-03
53,00:20,2025-01-03
52,00:22,2025-01-03
52,00:24,2025-01-03
53,00:26,2025-01-03
53,00:28,2025-01-03
53,00:30,2025-01-03
52,00:32,2025-01-03
53,00:34,2025-01-03
52,00:36,2025-01-03
52,00:38,2025-01-03
51,00:40,2025-01-03
63,00:42,2025-01-03
60,00:44,2025-01-03
53,00:46,2025-01-03
47,00:48,2025-01-03
49,00:50,2025-01-03
66,00:52,2025-01-03
55,00:54,2025-01-03
47,00:56,2025-01-03
48,00:58,2025-01-03
49,01:00,2025-01-03
47,01:02,2025-01-03
48,01:04,2025-01-03
49,01:06,2025-01-03
48,01:08,2025-01-03
48,01:10,2025-01-03
49,01:12,2025-01-03
49,01:14,2025-01-03
48,01:16,2025-01-03
49,01:18,2025-01-03
50,01:20,2025-01-03
59,01:22,2025-01-03
47,01:24,2025-01-03
46,01:26,2025-01-03
46,01:28,2025-01-03
47,01:30,2025-01-03
47,01:32,2025-01-03
46,01:34,2025-01-03
47,01:36,2025-01-03
48,01:38,2025-01-03
48,01:40,2025-01-03
48,01:42,2025-01-03
47,01:44,2025-01-03
47,01:46,2025-01-03
47,01:48,2025-01-03
55,01:50,2025-01-03
48,01:52,2025-01-03
46,01:54,2025-01-03
46,01:56,2025-01-03
45,01:58,2025-01-03
46,02:00,2025-01-03
47,02:02,2025-01-03
51,02:04,2025-01-03
46,02:06,2025-01-03
53,02:08,2025-01-03
52,02:10,2025-01-03
49,02:12,2025-01-03
62,02:14,2025-01-03
45,02:16,2025-01-03
45,02:18,2025-01-03
46,02:20,2025-01-03
46,02:22,2025-01-03
45,02:24,2025-01-03
45,02:26,2025-01-03
44,02:28,2025-01-03
46,02:30,2025-01-03
44,02:32,2025-01-03
44,02:34,2025-01-03
43,02:36,2025-01-03
46,02:38,2025-01-03
46,02:40,2025-01-03
45,02:42,2025-01-03
47,02:44,2025-01-03
45,02:46,2025-01-03
46,02:48,2025-01-03
49,02:50,2025-01-03
46,02:52,2025-01-03
47,02:54,2025-01-03
46,02:56,2025-01-03
47,02:58,2025-01-03
46,03:00,2025-01-03
46,03:02,2025-01-03
46,03:04,2025-01-03
47,03:06,2025-01-03
47,03:08,2025-01-03
46,03:10,2025-01-03
47,03:12,2025-01-03
47,03:14,2025-01-03
48,03:16,2025-01-03
47,03:18,2025-01-03
47,03:20,2025-01-03
49,03:22,2025-01-03
60,03:24,2025-01-03
47,03:26,2025-01-03
47,03:28,2025-01-03
48,03:30,2025-01-03
46,03:32,2025-01-03
47,03:34,2025-01-03
47,03:36,2025-01-03
45,03:38,2025-01-03
47,03:40,2025-01-03
45,03:42,2025-01-03
49,03:44,2025-01-03
47,03:46,2025-01-03
43,03:48,2025-01-03
43,03:50,2025-01-03
43,03:52,2025-01-03
45,03:54,2025-01-03
45,03:56,2025-01-03
43,03:58,2025-01-03
43,04:00,2025-01-03
44,04:02,2025-01-03
45,04:04,2025-01-03
44,04:06,2025-01-03
49,04:08,2025-01-03
43,04:10,2025-01-03
47,04:12,2025-01-03
44,04:14,2025-01-03
47,04:16,2025-01-03
45,04:18,2025-01-03
43,04:20,2025-01-03
47,04:22,2025-01-03
44,04:24,2025-01-03
42,04:26,2025-01-03
43,04:28,2025-01-03
50,04:30,2025-01-03
46,04:32,2025-01-03
46,04:34,2025-01-03
44,04:36,2025-01-03
45,04:38,2025-01-03
43,04:40,2025-01-03
44,04:42,2025-01-03
44,04:44,2025-01-03
43,04:46,2025-01-03
44,04:48,2025-01-03
46,04:50,2025-01-03
48,04:52,2025-01-03
44,04:54,2025-01-03
47,04:56,2025-01-03
47,04:58,2025-01-03
45,05:00,2025-01-03
44,05:02,2025-01-03
45,05:04,2025-01-03
47,05:06,2025-01-03
46,05:08,2025-01-03
47,05:10,2025-01-03
47,05:12,2025-01-03
46,05:14,2025-01-03
49,05:16,2025-01-03
45,05:18,2025-01-03
45,05:20,2025-01-03
46,05:22,2025-01-03
45,05:24,2025-01-03
46,05:26,2025-01-03
46,05:28,2025-01-03
45,05:30,2025-01-03
47,05:32,2025-01-03
47,05:34,2025-01-03
47,05:36,2025-01-03
47,05:38,2025-01-03
47,05:40,2025-01-03
55,05:42,2025-01-03
47,05:44,2025-01-03
51,05:46,2025-01-03
50,05:48,2025-01-03
53,05:50,2025-01-03
55,05:52,2025-01-03
48,05:54,2025-01-03
46,05:56,2025-01-03
45,05:58,2025-01-03
44,06:00,2025-01-03
48,06:02,2025-01-03
45,06:04,2025-01-03
47,06:06,2025-01-03
47,06:08,2025-01-03
48,06:10,2025-01-03
48,06:12,2025-01-03
45,06:14,2025-01-03
47,06:16,2025-01-03
55,06:18,2025-01-03
46,06:20,2025-01-03
53,06:22,2025-01-03
45,06:24,2025-01-03
45,06:26,2025-01-03
45,06:28,2025-01-03
52,06:30,2025-01-03
47,06:32,2025-01-03
47,06:34,2025-01-03
46,06:36,2025-01-03
51,22:18,2025-01-04
49,22:20,2025-01-04
49,22:22,2025-01-04
49,22:24,2025-01-04
48,22:26,2025-01-04
50,22:28,2025-01-04
50,22:30,2025-01-04
50,22:32,2025-01-04
49,22:34,2025-01-04
48,22:36,2025-01-04
50,22:38,2025-01-04
52,22:40,2025-01-04
52,22:42,2025-01-04
52,22:44,2025-01-04
51,22:46,2025-01-04
52,22:48,2025-01-04
51,22:50,2025-01-04
52,22:52,2025-01-04
53,22:54,2025-01-04
52,22:56,2025-01-04
59,22:58,2025-01-04
56,23:00,2025-01-04
53,23:02,2025-01-04
56,23:04,2025-01-04
50,23:06,2025-01-04
51,23:08,2025-01-04
51,23:10,2025-01-04
51,23:12,2025-01-04
51,23:14,2025-01-04
51,23:16,2025-01-04
51,23:18,2025-01-04
52,23:20,2025-01-04
51,23:22,2025-01-04
52,23:24,2025-01-04
51,23:26,2025-01-04
51,23:28,2025-01-04
52,23:30,2025-01-04
53,23:32,2025-01-04
54,23:34,2025-01-04
49,23:36,2025-01-04
49,23:38,2025-01-04
51,23:40,2025-01-04
48,23:42,2025-01-04
49,23:44,2025-01-04
50,23:46,2025-01-04
56,23:48,2025-01-04
48,23:50,2025-01-04
51,23:52,2025-01-04
50,23:54,2025-01-04
58,23:56,2025-01-04
50,23:58,2025-01-04
52,00:00,2025-01-04
52,00:02,2025-01-04
54,00:04,2025-01-04
53,00:06,2025-01-04
54,00:08,2025-01-04
57,00:10,2025-01-04
53,00:12,2025-01-04
48,00:14,2025-01-04
48,00:16,2025-01-04
47,00:18,2025-01-04
47,00:20,2025-01-04
48,00:22,2025-01-04
55,00:24,2025-01-04
47,00:26,2025-01-04
47,00:28,2025-01-04
48,00:30,2025-01-04
48,00:32,2025-01-04
48,00:34,2025-01-04
48,00:36,2025-01-04
47,00:38,2025-01-04
48,00:40,2025-01-04
49,00:42,2025-01-04
48,00:44,2025-01-04
48,00:46,2025-01-04
48,00:48,2025-01-04
67,00:50,2025-01-04
50,00:52,2025-01-04
48,00:54,2025-01-04
48,00:56,2025-01-04
48,00:58,2025-01-04
48,01:00,2025-01-04
49,01:02,2025-01-04
49,01:04,2025-01-04
49,01:06,2025-01-04
49,01:08,2025-01-04
49,01:10,2025-01-04
49,01:12,2025-01-04
48,01:14,2025-01-04
54,01:16,2025-01-04
46,01:18,2025-01-04
59,01:20,2025-01-04
46,01:22,2025-01-04
46,01:24,2025-01-04
47,01:26,2025-01-04
48,01:28,2025-01-04
48,01:30,2025-01-04
47,01:32,2025-01-04
49,01:34,2025-01-04
49,01:36,2025-01-04
53,01:38,2025-01-04
44,01:40,2025-01-04
44,01:42,2025-01-04
47,01:44,2025-01-04
47,01:46,2025-01-04
47,01:48,2025-01-04
49,01:50,2025-01-04
47,01:52,2025-01-04
49,01:54,2025-01-04
49,01:56,2025-01-04
48,01:58,2025-01-04
48,02:00,2025-01-04
50,02:02,2025-01-04
47,02:04,2025-01-04
48,02:06,2025-01-04
46,02:08,2025-01-04
46,02:10,2025-01-04
44,02:12,2025-01-04
45,02:14,2025-01-04
46,02:16,2025-01-04
47,02:18,2025-01-04
47,02:20,2025-01-04
47,02:22,2025-01-04
46,02:24,2025-01-04
46,02:26,2025-01-04
47,02:28,2025-01-04
48,02:30,2025-01-04
47,02:32,2025-01-04
46,02:34,2025-01-04
47,02:36,2025-01-04
47,02:38,2025-01-04
48,02:40,2025-01-04
47,02:42,2025-01-04
50,02:44,2025-01-04
66,02:46,2025-01-04
45,02:48,2025-01-04
49,02:50,2025-01-04
45,02:52,2025-01-04
43,02:54,2025-01-04
44,02:56,2025-01-04
45,02:58,2025-01-04
45,03:00,2025-01-04
45,03:02,2025-01-04
45,03:04,2025-01-04
48,03:06,2025-01-04
48,03:08,2025-01-04
43,03:10,2025-01-04
43,03:12,2025-01-04
43,03:14,2025-01-04
43,03:16,2025-01-04
44,03:18,2025-01-04
43,03:20,2025-01-04
45,03:22,2025-01-04
53,03:24,2025-01-04
46,03:26,2025-01-04
44,03:28,2025-01-04
47,03:30,2025-01-04
46,03:32,2025-01-04
47,03:34,2025-01-04
45,03:36,2025-01-04
47,03:38,2025-01-04
47,03:40,2025-01-04
47,03:42,2025-01-04
55,03:44,2025-01-04
43,03:46,2025-01-04
44,03:48,2025-01-04
45,03:50,2025-01-04
44,03:52,2025-01-04
45,03:54,2025-01-04
45,03:56,2025-01-04
46,03:58,2025-01-04
44,04:00,2025-01-04
45,04:02,2025-01-04
45,04:04,2025-01-04
47,04:06,2025-01-04
47,04:08,2025-01-04
45,04:10,2025-01-04
46,04:12,2025-01-04
47,04:14,2025-01-04
46,04:16,2025-01-04
46,04:18,2025-01-04
50,04:20,2025-01-04
54,04:22,2025-01-04
46,04:24,2025-01-04
46,04:26,2025-01-04
47,04:28,2025-01-04
45,04:30,2025-01-04
47,04:32,2025-01-04
60,04:34,2025-01-04
46,04:36,2025-01-04
43,04:38,2025-01-04
50,04:40,2025-01-04
42,04:42,2025-01-04
48,04:44,2025-01-04
44,04:46,2025-01-04
45,04:48,2025-01-04
44,04:50,2025-01-04
45,04:52,2025-01-04
53,04:54,2025-01-04
47,04:56,2025-01-04
47,04:58,2025-01-04
44,05:00,2025-01-04
49,05:02,2025-01-04
43,05:04,2025-01-04
46,05:06,2025-01-04
46,05:08,2025-01-04
54,05:10,2025-01-04
54,05:12,2025-01-04
50,05:14,2025-01-04
50,05:16,2025-01-04
49,05:18,2025-01-04
48,05:20,2025-01-04
48,05:22,2025-01-04
48,05:24,2025-01-04
48,05:26,2025-01-04
48,05:28,2025-01-04
48,05:30,2025-01-04
47,05:32,2025-01-04
47,05:34,2025-01-04
49,05:36,2025-01-04
50,05:38,2025-01-04
48,05:40,2025-01-04
48,05:42,2025-01-04
48,05:44,2025-01-04
50,05:46,2025-01-04
52,05:48,2025-01-04
49,05:50,2025-01-04
47,05:52,2025-01-04
49,05:54,2025-01-04
48,05:56,2025-01-04
49,05:58,2025-01-04
54,06:00,2025-01-04
46,06:02,2025-01-04
47,06:04,2025-01-04
46,06:06,2025-01-04
46,06:08,2025-01-04
47,06:10,2025-01-04
47,06:12,2025-01-04
50,01:46,2025-01-05
49,01:48,2025-01-05
50,01:50,2025-01-05
49,01:52,2025-01-05
47,01:54,2025-01-05
48,01:56,2025-01-05
48,01:58,2025-01-05
48,02:00,2025-01-05
49,02:02,2025-01-05
49,02:04,2025-01-05
49,02:06,2025-01-05
49,02:08,2025-01-05
49,02:10,2025-01-05
49,02:12,2025-01-05
49,02:14,2025-01-05
56,02:16,2025-01-05
54,02:18,2025-01-05
55,02:20,2025-01-05
51,02:22,2025-01-05
50,02:24,2025-01-05
50,02:26,2025-01-05
50,02:28,2025-01-05
50,02:30,2025-01-05
50,02:32,2025-01-05
49,02:34,2025-01-05
51,02:36,2025-01-05
50,02:38,2025-01-05
50,02:40,2025-01-05
50,02:42,2025-01-05
53,02:44,2025-01-05
60,02:46,2025-01-05
47,02:48,2025-01-05
47,02:50,2025-01-05
49,02:52,2025-01-05
56,02:54,2025-01-05
49,02:56,2025-01-05
50,02:58,2025-01-05
49,03:00,2025-01-05
48,03:02,2025-01-05
50,03:04,2025-01-05
52,03:06,2025-01-05
49,03:08,2025-01-05
61,03:10,2025-01-05
49,03:12,2025-01-05
50,03:14,2025-01-05
50,03:16,2025-01-05
50,03:18,2025-01-05
50,03:20,2025-01-05
51,03:22,2025-01-05
49,03:24,2025-01-05
51,03:26,2025-01-05
50,03:28,2025-01-05
51,03:30,2025-01-05
51,03:32,2025-01-05
54,03:34,2025-01-05
59,03:36,2025-01-05
52,03:38,2025-01-05
47,03:40,2025-01-05
48,03:42,2025-01-05
48,03:44,2025-01-05
48,03:46,2025-01-05
48,03:48,2025-01-05
54,03:50,2025-01-05
48,03:52,2025-01-05
50,03:54,2025-01-05
49,03:56,2025-01-05
48,03:58,2025-01-05
48,04:00,2025-01-05
48,04:02,2025-01-05
47,04:04,2025-01-05
48,04:06,2025-01-05
49,04:08,2025-01-05
48,04:10,2025-01-05
48,04:12,2025-01-05
49,04:14,2025-01-05
53,04:16,2025-01-05
54,04:18,2025-01-05
54,04:20,2025-01-05
54,04:22,2025-01-05
54,04:24,2025-01-05
54,04:26,2025-01-05
54,04:28,2025-01-05
54,04:30,2025-01-05
54,04:32,2025-01-05
54,04:34,2025-01-05
54,04:36,2025-01-05
54,04:38,2025-01-05
54,04:40,2025-01-05
54,04:42,2025-01-05
54,04:44,2025-01-05
54,04:46,2025-01-05
54,04:48,2025-01-05
54,04:50,2025-01-05
54,04:52,2025-01-05
53,04:54,2025-01-05
48,04:56,2025-01-05
46,04:58,2025-01-05
46,05:00,2025-01-05
46,05:02,2025-01-05
48,05:04,2025-01-05
47,05:06,2025-01-05
48,05:08,2025-01-05
47,05:10,2025-01-05
46,05:12,2025-01-05
49,05:14,2025-01-05
46,05:16,2025-01-05
45,05:18,2025-01-05
44,05:20,2025-01-05
46,05:22,2025-01-05
48,05:24,2025-01-05
45,05:26,2025-01-05
45,05:28,2025-01-05
45,05:30,2025-01-05
49,05:32,2025-01-05
44,05:34,2025-01-05
46,05:36,2025-01-05
46,05:38,2025-01-05
46,05:40,2025-01-05
46,05:42,2025-01-05
45,05:44,2025-01-05
46,05:46,2025-01-05
46,05:48,2025-01-05
46,05:50,2025-01-05
54,05:52,2025-01-05
57,05:54,2025-01-05
45,05:56,2025-01-05
50,05:58,2025-01-05
44,06:00,2025-01-05
45,06:02,2025-01-05
47,06:04,2025-01-05
59,06:06,2025-01-05
46,06:08,2025-01-05
49,06:10,2025-01-05
46,06:12,2025-01-05
44,06:14,2025-01-05
52,06:16,2025-01-05
46,06:18,2025-01-05
44,06:20,2025-01-05
46,06:22,2025-01-05
46,06:24,2025-01-05
51,06:26,2025-01-05
46,06:28,2025-01-05
46,06:30,2025-01-05
46,06:32,2025-01-05
53,06:34,2025-01-05
51,06:36,2025-01-05
49,06:38,2025-01-05
45,06:40,2025-01-05
45,06:42,2025-01-05
46,06:44,2025-01-05
45,06:46,2025-01-05
45,06:48,2025-01-05
44,06:50,2025-01-05
45,06:52,2025-01-05
44,06:54,2025-01-05
45,06:56,2025-01-05
45,06:58,2025-01-05
44,07:00,2025-01-05
48,07:02,2025-01-05
46,07:04,2025-01-05
48,07:06,2025-01-05
47,07:08,2025-01-05
46,07:10,2025-01-05
45,07:12,2025-01-05
45,07:14,2025-01-05
45,07:16,2025-01-05
45,07:18,2025-01-05
45,07:20,2025-01-05
45,07:22,2025-01-05
47,07:24,2025-01-05
50,07:26,2025-01-05
49,07:28,2025-01-05
49,07:30,2025-01-05
52,07:32,2025-01-05
53,07:34,2025-01-05
50,07:36,2025-01-05
52,07:38,2025-01-05
47,07:40,2025-01-05
46,07:42,2025-01-05
48,07:44,2025-01-05
50,07:46,2025-01-05
46,07:48,2025-01-05
48,07:50,2025-01-05
48,07:52,2025-01-05
44,07:54,2025-01-05
46,07:56,2025-01-05
56,07:58,2025-01-05
49,08:00,2025-01-05
49,08:02,2025-01-05
53,08:04,2025-01-05
46,08:06,2025-01-05
46,08:08,2025-01-05
47,08:10,2025-01-05
47,08:12,2025-01-05
50,08:14,2025-01-05
58,08:16,2025-01-05
60,08:18,2025-01-05
50,08:20,2025-01-05
52,08:22,2025-01-05
51,23:40,2025-01-06
54,23:42,2025-01-06
53,23:44,2025-01-06
53,23:46,2025-01-06
51,23:48,2025-01-06
54,23:50,2025-01-06
50,23:52,2025-01-06
50,23:54,2025-01-06
51,23:56,2025-01-06
51,23:58,2025-01-06
52,00:00,2025-01-06
52,00:02,2025-01-06
51,00:04,2025-01-06
54,00:06,2025-01-06
51,00:08,2025-01-06
51,00:10,2025-01-06
51,00:12,2025-01-06
52,00:14,2025-01-06
52,00:16,2025-01-06
52,00:18,2025-01-06
52,00:20,2025-01-06
53,00:22,2025-01-06
53,00:24,2025-01-06
53,00:26,2025-01-06
53,00:28,2025-01-06
52,00:30,2025-01-06
51,00:32,2025-01-06
59,00:34,2025-01-06
56,00:36,2025-01-06
53,00:38,2025-01-06
51,00:40,2025-01-06
53,00:42,2025-01-06
52,00:44,2025-01-06
51,00:46,2025-01-06
48,00:48,2025-01-06
48,00:50,2025-01-06
49,00:52,2025-01-06
49,00:54,2025-01-06
49,00:56,2025-01-06
49,00:58,2025-01-06
48,01:00,2025-01-06
47,01:02,2025-01-06
61,01:04,2025-01-06
51,01:06,2025-01-06
48,01:08,2025-01-06
54,01:10,2025-01-06
50,01:12,2025-01-06
54,01:14,2025-01-06
54,01:16,2025-01-06
50,01:18,2025-01-06
51,01:20,2025-01-06
52,01:22,2025-01-06
51,01:24,2025-01-06
50,01:26,2025-01-06
52,01:28,2025-01-06
49,01:30,2025-01-06
49,01:32,2025-01-06
46,01:34,2025-01-06
47,01:36,2025-01-06
48,01:38,2025-01-06
47,01:40,2025-01-06
49,01:42,2025-01-06
48,01:44,2025-01-06
48,01:46,2025-01-06
48,01:48,2025-01-06
48,01:50,2025-01-06
48,01:52,2025-01-06
49,01:54,2025-01-06
49,01:56,2025-01-06
49,01:58,2025-01-06
49,02:00,2025-01-06
49,02:02,2025-01-06
50,02:04,2025-01-06
50,02:06,2025-01-06
49,02:08,2025-01-06
59,02:10,2025-01-06
64,02:12,2025-01-06
57,02:14,2025-01-06
51,02:16,2025-01-06
51,02:18,2025-01-06
52,02:20,2025-01-06
51,02:22,2025-01-06
49,02:24,2025-01-06
50,02:26,2025-01-06
51,02:28,2025-01-06
49,02:30,2025-01-06
50,02:32,2025-01-06
50,02:34,2025-01-06
50,02:36,2025-01-06
50,02:38,2025-01-06
50,02:40,2025-01-06
50,02:42,2025-01-06
49,02:44,2025-01-06
49,02:46,2025-01-06
49,02:48,2025-01-06
51,02:50,2025-01-06
60,02:52,2025-01-06
61,02:54,2025-01-06
44,02:56,2025-01-06
44,02:58,2025-01-06
42,03:00,2025-01-06
43,03:02,2025-01-06
44,03:04,2025-01-06
45,03:06,2025-01-06
57,03:08,2025-01-06
47,03:10,2025-01-06
48,03:12,2025-01-06
51,03:14,2025-01-06
43,03:16,2025-01-06
43,03:18,2025-01-06
44,03:20,2025-01-06
45,03:22,2025-01-06
45,03:24,2025-01-06
44,03:26,2025-01-06
45,03:28,2025-01-06
46,03:30,2025-01-06
50,03:32,2025-01-06
44,03:34,2025-01-06
43,03:36,2025-01-06
44,03:38,2025-01-06
43,03:40,2025-01-06
44,03:42,2025-01-06
45,03:44,2025-01-06
45,03:46,2025-01-06
46,03:48,2025-01-06
46,03:50,2025-01-06
46,03:52,2025-01-06
46,03:54,2025-01-06
45,03:56,2025-01-06
45,03:58,2025-01-06
57,04:00,2025-01-06
64,04:02,2025-01-06
49,04:04,2025-01-06
51,04:06,2025-01-06
47,04:08,2025-01-06
49,04:10,2025-01-06
48,04:12,2025-01-06
48,04:14,2025-01-06
48,04:16,2025-01-06
48,04:18,2025-01-06
47,04:20,2025-01-06
48,04:22,2025-01-06
49,04:24,2025-01-06
49,04:26,2025-01-06
48,04:28,2025-01-06
48,04:30,2025-01-06
48,04:32,2025-01-06
49,04:34,2025-01-06
47,04:36,2025-01-06
47,04:38,2025-01-06
58,04:40,2025-01-06
47,04:42,2025-01-06
49,04:44,2025-01-06
49,04:46,2025-01-06
49,04:48,2025-01-06
51,04:50,2025-01-06
56,04:52,2025-01-06
49,04:54,2025-01-06
44,04:56,2025-01-06
45,04:58,2025-01-06
46,05:00,2025-01-06
46,05:02,2025-01-06
46,05:04,2025-01-06
45,05:06,2025-01-06
51,05:08,2025-01-06
44,05:10,2025-01-06
46,05:12,2025-01-06
48,05:14,2025-01-06
49,05:16,2025-01-06
49,05:18,2025-01-06
49,05:20,2025-01-06
49,05:22,2025-01-06
49,05:24,2025-01-06
49,05:26,2025-01-06
49,05:28,2025-01-06
49,05:30,2025-01-06
50,05:32,2025-01-06
50,05:34,2025-01-06
50,05:36,2025-01-06
57,05:38,2025-01-06
48,05:40,2025-01-06
48,05:42,2025-01-06
47,05:44,2025-01-06
47,05:46,2025-01-06
50,05:48,2025-01-06
46,05:50,2025-01-06
53,05:52,2025-01-06
47,05:54,2025-01-06
48,05:56,2025-01-06
47,05:58,2025-01-06
48,06:00,2025-01-06
51,06:02,2025-01-06
55,06:04,2025-01-06
51,06:06,2025-01-06
48,06:08,2025-01-06
48,06:10,2025-01-06
47,06:12,2025-01-06
45,06:14,2025-01-06
46,06:16,2025-01-06
47,06:18,2025-01-06
46,06:20,2025-01-06
46,06:22,2025-01-06
49,06:24,2025-01-06
46,06:26,2025-01-06
45,06:28,2025-01-06
46,06:30,2025-01-06
48,06:32,2025-01-06
46,06:34,2025-01-06
49,06:36,2025-01-06
46,06:38,2025-01-06
48,06:40,2025-01-06
48,06:42,2025-01-06
49,06:44,2025-01-06
47,06:46,2025-01-06
56,06:48,2025-01-06
49,06:50,2025-01-06
48,06:52,2025-01-06
47,06:54,2025-01-06
48,06:56,2025-01-06
52,06:58,2025-01-06
46,07:00,2025-01-06
50,07:02,2025-01-06
